,num_campo,Ba_ppm ,Co_ppm ,Cr_ppm ,Cu_ppm ,Fe_pct   ,Mg_pct   ,Mn_ppm ,V_ppm ,K-classes,Lat,Long
0,1014-CB-S-0001,300.0,7.0,70.0,15.0,2.0,0.1,1500.0,30.0,2,-14.534904000000001,-39.967096999999995
1,1014-CB-S-0001R,500.0,10.0,200.0,70.0,3.0,0.15,2000.0,50.0,2,-14.534451999999998,-39.967095
2,1014-CB-S-0003,700.0,15.0,30.0,15.0,3.0,0.2,3000.0,50.0,1,-14.529371,-39.938303999999995
3,1014-CB-S-0004,1000.0,10.0,30.0,20.0,3.0,0.15,3000.0,30.0,1,-14.525310000000001,-39.936431
4,1014-CB-S-0005,300.0,10.0,70.0,70.0,3.0,0.1,1500.0,50.0,2,-14.544228,-39.984842
5,1014-CB-S-0007,300.0,10.0,100.0,70.0,3.0,0.1,2000.0,50.0,2,-14.557807,-39.977368
6,1014-CB-S-0008,300.0,5.0,50.0,50.0,1.5,0.15,500.0,30.0,0,-14.553957999999998,-39.984745000000004
7,1014-CB-S-0009,150.0,5.0,70.0,150.0,2.0,0.03,1000.0,50.0,0,-14.5583,-39.990865
8,1014-CB-S-0010,700.0,7.0,70.0,100.0,3.0,0.15,1500.0,30.0,2,-14.563251000000001,-39.984499
9,1014-CB-S-0011,700.0,15.0,150.0,70.0,3.0,0.15,1500.0,50.0,2,-14.573286999999999,-39.999648
10,1014-CB-S-0013,700.0,7.0,50.0,70.0,3.0,0.2,1500.0,30.0,2,-14.537385,-39.915399
11,1014-CB-S-0015,700.0,7.0,30.0,50.0,3.0,0.15,1000.0,50.0,2,-14.538913,-39.926551
12,1014-CB-S-0017,700.0,15.0,70.0,70.0,5.0,0.15,5000.0,30.0,1,-14.580178,-39.998315999999996
13,1014-CB-S-0020,700.0,7.0,20.0,200.0,1.5,0.1,700.0,30.0,0,-14.592651000000002,-39.939036
14,1014-CB-S-0021,200.0,10.0,50.0,70.0,2.0,0.07,1000.0,50.0,0,-14.624956,-39.948665000000005
15,1014-CB-S-0022,300.0,7.0,70.0,50.0,1.5,0.05,700.0,50.0,0,-14.628792,-39.950271
16,1014-CB-S-0022R,300.0,7.0,50.0,30.0,1.5,0.05,700.0,50.0,0,-14.62834,-39.950269
17,1014-CB-S-0023,150.0,15.0,70.0,10.0,5.0,0.05,500.0,50.0,0,-14.616909,-39.975809999999996
18,1014-CB-S-0024,300.0,30.0,100.0,20.0,5.0,0.1,1000.0,50.0,0,-14.616124,-39.981495
19,1014-CB-S-0025,300.0,15.0,70.0,100.0,3.0,0.1,1500.0,50.0,2,-14.604701,-39.976684999999996
20,1014-CB-S-0026,150.0,20.0,70.0,5.0,3.0,0.05,1500.0,50.0,2,-14.606064000000002,-39.974834
21,1014-CB-S-0027,700.0,15.0,100.0,7.0,3.0,0.15,3000.0,30.0,1,-14.601579000000001,-39.966459
22,1014-CB-S-0028,700.0,15.0,150.0,10.0,2.0,0.3,1500.0,30.0,2,-14.596151,-39.967364
23,1014-CB-S-0029,700.0,7.0,50.0,15.0,3.0,0.15,1500.0,30.0,2,-14.600692,-39.962278000000005
24,1014-CB-S-0030,700.0,20.0,50.0,10.0,3.0,0.3,1500.0,30.0,2,-14.575906,-39.867827
25,1014-CB-S-0035,500.0,20.0,50.0,15.0,3.0,0.5,700.0,100.0,0,-14.620117,-39.849097
26,1014-CB-S-0037,1000.0,15.0,50.0,200.0,3.0,0.7,700.0,50.0,0,-14.642389999999999,-39.814363
27,1014-CB-S-0038,1000.0,15.0,100.0,10.0,3.0,0.5,700.0,50.0,0,-14.645109,-39.812773
28,1014-CB-S-0039,700.0,30.0,70.0,10.0,3.0,0.5,1000.0,50.0,2,-14.610822,-39.82763
29,1014-CB-S-0041,700.0,20.0,50.0,7.0,3.0,0.3,700.0,50.0,0,-14.615126,-39.822531
30,1014-CB-S-0042,500.0,10.0,50.0,5.0,3.0,0.3,700.0,50.0,0,-14.577778,-39.806235
31,1014-CB-S-0043,500.0,15.0,50.0,5.0,3.0,0.5,3000.0,50.0,1,-14.556063,-39.811885
32,1014-CB-S-0045,700.0,20.0,50.0,50.0,3.0,0.3,700.0,50.0,0,-14.563395000000002,-39.825507
33,1014-CB-S-0046,200.0,10.0,100.0,30.0,3.0,0.1,1000.0,30.0,0,-14.675889000000002,-39.969224
34,1014-CB-S-0047,300.0,7.0,70.0,15.0,2.0,0.1,700.0,30.0,0,-14.675301999999999,-39.967508
35,1014-CB-S-0047R,200.0,7.0,70.0,20.0,2.0,0.1,1500.0,30.0,2,-14.675301999999999,-39.967508
36,1014-CB-S-0048,200.0,7.0,150.0,20.0,2.0,0.1,700.0,30.0,0,-14.661657,-39.98265
37,1014-CB-S-0049,300.0,15.0,100.0,30.0,3.0,0.1,1500.0,30.0,2,-14.66071,-39.986218
38,1014-CB-S-0050,200.0,20.0,150.0,70.0,3.0,0.1,1500.0,100.0,2,-14.661697,-39.988795
39,1014-CB-S-0051,700.0,20.0,150.0,20.0,3.0,0.7,700.0,50.0,0,-14.702926000000001,-39.943220000000004
40,1014-CB-S-0052,700.0,5.0,50.0,5.0,2.0,0.15,700.0,20.0,0,-14.75849,-39.951356
41,1014-CB-S-0053,700.0,7.0,50.0,15.0,2.0,0.2,700.0,30.0,0,-14.748575,-39.950990000000004
42,1014-CB-S-0054,700.0,15.0,70.0,30.0,3.0,0.5,500.0,50.0,0,-14.762889999999999,-39.957412
43,1014-CB-S-0055,700.0,10.0,100.0,30.0,3.0,0.15,1500.0,30.0,2,-14.770094,-39.986709000000005
44,1014-CB-S-0056,100.0,7.0,150.0,50.0,3.0,0.1,700.0,50.0,0,-14.755185999999998,-39.984784000000005
45,1014-CB-S-0057,150.0,7.0,70.0,30.0,3.0,0.2,700.0,30.0,0,-14.740293,-39.979144
46,1014-CB-S-0059,300.0,5.0,30.0,20.0,2.0,0.15,700.0,20.0,0,-14.726567999999999,-39.954002
47,1014-CB-S-0060,1000.0,20.0,70.0,20.0,3.0,0.7,1500.0,50.0,2,-14.658565,-39.794696
48,1014-CB-S-0061,1000.0,30.0,70.0,50.0,3.0,0.7,700.0,50.0,0,-14.671265,-39.796077000000004
49,1014-CB-S-0062,1000.0,30.0,70.0,15.0,3.0,0.7,700.0,70.0,0,-14.661369,-39.81629
50,1014-CB-S-0063,1000.0,20.0,70.0,20.0,3.0,0.5,700.0,50.0,0,-14.684479999999999,-39.799659000000005
51,1014-CB-S-0064,1000.0,30.0,70.0,50.0,3.0,0.7,1000.0,70.0,2,-14.692629,-39.795974
52,1014-CB-S-0067,1500.0,30.0,70.0,20.0,3.0,0.7,1500.0,50.0,3,-14.697410999999999,-39.806504
53,1014-CB-S-0069,1500.0,30.0,150.0,30.0,3.0,0.7,1500.0,50.0,3,-14.686064000000002,-39.819849
54,1014-CB-S-0071,1000.0,20.0,150.0,15.0,3.0,0.5,1000.0,50.0,2,-14.710657999999999,-39.810496
55,1014-CB-S-0072,1000.0,15.0,100.0,30.0,3.0,0.5,1000.0,50.0,2,-14.708195000000002,-39.814367
56,1014-ER-S-0120,300.0,7.0,50.0,5.0,3.0,0.15,1500.0,20.0,2,-14.867966000000001,-39.976037
57,1014-ER-S-0122,200.0,5.0,10.0,5.0,3.0,0.02,1000.0,20.0,0,-14.869548000000002,-39.983442
58,1014-ER-S-0123,300.0,10.0,30.0,70.0,3.0,0.1,2000.0,30.0,2,-14.918323999999998,-39.99296
59,1014-ER-S-0128,300.0,5.0,30.0,15.0,3.0,0.1,700.0,30.0,0,-14.882741000000001,-39.963516999999996
60,1014-ER-S-0129,300.0,5.0,30.0,10.0,1.0,0.1,200.0,30.0,0,-14.887285999999998,-39.957496
61,1014-ER-S-0131,700.0,10.0,20.0,10.0,3.0,0.15,1500.0,30.0,2,-14.893585,-39.959775
62,1014-ER-S-0132,300.0,10.0,150.0,15.0,2.0,0.3,700.0,50.0,0,-14.893622,-39.955665
63,1014-ER-S-0133,1000.0,5.0,10.0,7.0,0.7,0.1,500.0,30.0,0,-14.873170000000002,-39.970084
64,1014-ER-S-0134,1500.0,10.0,70.0,10.0,2.0,0.5,500.0,50.0,3,-14.842432999999998,-39.98239
65,1014-ER-S-0136,700.0,15.0,100.0,10.0,5.0,0.2,5000.0,100.0,1,-14.838789000000002,-39.988879
66,1014-ER-S-0137,700.0,7.0,70.0,15.0,3.0,1.0,1500.0,30.0,2,-14.837469,-39.980509000000005
67,1014-ER-S-0138,700.0,7.0,30.0,5.0,2.0,0.15,1000.0,30.0,2,-14.847639000000001,-39.94447
68,1014-ER-S-0139,700.0,15.0,70.0,15.0,2.0,1.0,2000.0,30.0,2,-14.88231,-39.922844
69,1014-ER-S-0141,700.0,15.0,50.0,20.0,3.0,0.7,2000.0,30.0,2,-14.889562,-39.922453000000004
70,1014-ER-S-0143,700.0,10.0,70.0,20.0,2.0,0.7,1000.0,30.0,2,-14.888304000000002,-39.924507
71,1014-ER-S-0144,700.0,10.0,50.0,10.0,3.0,0.7,1000.0,50.0,2,-14.911864000000001,-39.935925
72,1014-ER-S-0145,300.0,15.0,50.0,15.0,2.0,0.7,1500.0,50.0,2,-14.984132,-39.929096
73,1014-ER-S-0147,300.0,7.0,50.0,5.0,1.5,0.3,700.0,30.0,0,-14.961196,-39.900172
74,1014-ER-S-0149,500.0,10.0,50.0,10.0,2.0,0.7,1000.0,30.0,0,-14.958343,-39.899578000000005
75,1014-ER-S-0150,1000.0,10.0,70.0,15.0,5.0,1.0,3000.0,30.0,1,-14.955789999999999,-39.907586
76,1014-ER-S-0150R,700.0,20.0,50.0,50.0,7.0,0.7,2000.0,150.0,2,-14.955789999999999,-39.907586
77,1014-ER-S-0152,700.0,20.0,50.0,20.0,3.0,0.7,700.0,70.0,0,-14.961915,-39.899983
78,1014-ER-S-0154,1000.0,15.0,50.0,30.0,2.0,0.5,700.0,50.0,0,-14.95307,-39.892452
79,1014-ER-S-0155,700.0,7.0,30.0,70.0,1.5,0.3,700.0,50.0,0,-14.942275,-39.896772
80,1014-ER-S-0156,700.0,10.0,70.0,30.0,2.0,0.3,200.0,50.0,0,-14.940878,-39.894508
81,1014-ER-S-0157,1000.0,10.0,30.0,7.0,3.0,0.2,2000.0,50.0,2,-14.876142000000002,-39.919337
82,1014-ER-S-0160,700.0,10.0,30.0,70.0,2.0,0.5,300.0,50.0,0,-14.968978,-39.875097
83,1014-ER-S-0162,700.0,20.0,70.0,15.0,3.0,0.7,1500.0,100.0,2,-14.967579999999998,-39.875355
84,1014-ER-S-0164,700.0,15.0,100.0,30.0,2.0,0.7,1000.0,50.0,2,-14.980336,-39.864438
85,1014-ER-S-0165,700.0,30.0,50.0,50.0,3.0,0.5,1000.0,70.0,2,-14.975644,-39.848217
86,1014-ER-S-0167,700.0,30.0,200.0,100.0,3.0,1.5,2000.0,100.0,2,-14.984875,-39.839087
87,1014-ER-S-0168,700.0,30.0,200.0,30.0,3.0,0.7,1000.0,100.0,2,-14.97414,-39.836517
88,1014-ER-S-0169,700.0,30.0,70.0,70.0,3.0,0.7,1500.0,100.0,2,-14.991614000000002,-39.865889
89,1014-ER-S-0170,700.0,20.0,50.0,30.0,3.0,0.5,700.0,70.0,0,-14.993410999999998,-39.868686
90,1014-ER-S-0172,700.0,30.0,70.0,20.0,3.0,0.7,1500.0,50.0,2,-14.962446,-39.807654
91,1014-ER-S-0173,700.0,15.0,30.0,20.0,3.0,0.5,1500.0,30.0,2,-14.977433,-39.787715999999996
92,1014-ER-S-0174,700.0,30.0,70.0,15.0,3.0,0.7,1000.0,50.0,2,-14.979432999999998,-39.787282
93,1014-ER-S-0175,700.0,20.0,70.0,20.0,3.0,0.7,1500.0,50.0,2,-14.982378,-39.788297
94,1014-ER-S-0176,700.0,20.0,70.0,30.0,3.0,0.7,1500.0,50.0,2,-14.985553,-39.792396000000004
95,1014-ER-S-0177,2000.0,5.0,10.0,5.0,2.0,0.15,700.0,10.0,3,-14.973783,-39.797467
96,1014-ER-S-0179,500.0,5.0,50.0,10.0,3.0,0.2,700.0,100.0,0,-14.984026,-39.773106
97,1014-ER-S-0183R,1000.0,7.0,10.0,5.0,3.0,0.2,1000.0,10.0,2,-14.940738,-39.810827
98,1014-ER-S-0184,1000.0,10.0,30.0,20.0,3.0,0.3,1500.0,30.0,2,-14.923608999999999,-39.797282
99,1014-ER-S-0185,1500.0,7.0,10.0,15.0,2.0,0.2,1500.0,30.0,3,-14.919154999999998,-39.778207
100,1014-ER-S-0185R,1000.0,5.0,10.0,5.0,3.0,0.3,500.0,20.0,0,-14.918703,-39.778205
101,1014-ER-S-0187,700.0,5.0,10.0,20.0,1.5,0.1,700.0,30.0,0,-14.982410999999999,-39.9077
102,1014-ER-S-0187R,700.0,7.0,10.0,50.0,2.0,0.15,700.0,30.0,0,-14.981959,-39.907697999999996
103,1014-ER-S-0189,700.0,5.0,20.0,50.0,2.0,0.2,700.0,30.0,0,-14.930616,-39.896846999999994
104,1014-ER-S-0190,700.0,20.0,70.0,30.0,3.0,0.7,1000.0,150.0,2,-14.888304999999999,-39.810631
105,1014-ER-S-0191,700.0,20.0,50.0,30.0,3.0,0.5,1000.0,100.0,2,-14.891860000000001,-39.811146
106,1014-ER-S-0193,700.0,50.0,50.0,30.0,3.0,0.3,3000.0,70.0,1,-14.884382999999998,-39.799356
107,1014-ER-S-0195,300.0,30.0,100.0,30.0,3.0,0.3,2000.0,150.0,2,-14.873822,-39.799061
108,1014-ER-S-0196,700.0,20.0,70.0,20.0,3.0,0.3,1000.0,150.0,2,-14.860439999999999,-39.80177
109,1014-ER-S-0197,700.0,20.0,100.0,20.0,3.0,0.5,1000.0,150.0,2,-14.867106,-39.797539
110,1014-ER-S-0199,700.0,20.0,50.0,20.0,3.0,0.3,500.0,100.0,0,-14.809435,-39.785055
111,1014-ER-S-0201,700.0,20.0,100.0,30.0,3.0,0.5,1500.0,100.0,2,-14.808679999999999,-39.78907
112,1014-ER-S-0203,300.0,20.0,100.0,20.0,3.0,0.3,2000.0,100.0,2,-14.811268,-39.790807
113,1014-ER-S-0205,700.0,20.0,100.0,10.0,3.0,0.7,700.0,150.0,0,-14.776295999999999,-39.783735
114,1014-ER-S-0207,700.0,30.0,70.0,15.0,3.0,0.7,1500.0,150.0,2,-14.774657000000001,-39.786218
115,1014-ER-S-0208,700.0,20.0,100.0,20.0,3.0,0.7,1500.0,100.0,2,-14.797476999999999,-39.795021000000006
116,1014-ER-S-0209,700.0,20.0,70.0,20.0,3.0,0.3,2000.0,100.0,2,-14.810551,-39.8122
117,1014-ER-S-0211,700.0,20.0,50.0,15.0,3.0,0.5,1500.0,100.0,2,-14.839355,-39.796351
118,1014-ER-S-0213,500.0,20.0,100.0,15.0,3.0,0.5,1500.0,100.0,2,-14.818171,-39.830349
119,1014-ER-S-0214,700.0,20.0,70.0,30.0,3.0,0.7,1500.0,100.0,2,-14.804127,-39.855983
120,1014-ER-S-0214R,700.0,20.0,70.0,30.0,3.0,0.5,5000.0,100.0,1,-14.803513,-39.855905
121,1014-ER-S-0215,300.0,20.0,70.0,15.0,3.0,0.3,1000.0,70.0,0,-14.801972,-39.855140000000006
122,1014-ER-S-0217R,700.0,30.0,70.0,10.0,3.0,0.3,2000.0,50.0,2,-14.864307,-39.82216
123,1014-ER-S-0219,700.0,20.0,50.0,15.0,3.0,0.5,2000.0,100.0,2,-14.860625,-39.840270000000004
124,1014-ER-S-0220,700.0,20.0,150.0,7.0,2.0,0.3,2000.0,70.0,2,-14.86152,-39.842597
125,1014-ER-S-0221,700.0,30.0,70.0,20.0,3.0,0.5,2000.0,70.0,2,-14.842959,-39.850425
126,1014-ER-S-0224,200.0,20.0,70.0,5.0,3.0,0.3,2000.0,50.0,2,-14.881431,-39.836632
127,1014-ER-S-0225,700.0,20.0,200.0,5.0,3.0,1.0,1500.0,50.0,2,-14.882744,-39.848256
128,1014-ER-S-0231,700.0,15.0,70.0,7.0,3.0,0.7,1500.0,30.0,2,-14.935917000000002,-39.767109999999995
129,1014-ER-S-0232,1000.0,20.0,150.0,15.0,3.0,0.7,1500.0,20.0,2,-14.929595,-39.765228
130,1014-ER-S-0233,700.0,30.0,100.0,15.0,3.0,0.5,5000.0,50.0,1,-14.908114999999999,-39.750170000000004
131,1014-ER-S-0235,700.0,30.0,50.0,20.0,3.0,0.5,3000.0,50.0,1,-14.892917,-39.774431
132,1014-ER-S-0236,700.0,20.0,50.0,20.0,3.0,0.5,700.0,100.0,0,-14.914107000000001,-39.800036
133,1014-ER-S-0237,700.0,30.0,50.0,20.0,3.0,0.5,2000.0,100.0,2,-14.911403,-39.797702
134,1014-ER-S-0239,300.0,10.0,100.0,10.0,3.0,0.3,5000.0,70.0,1,-14.956971,-39.822047
135,1014-ER-S-0240,700.0,50.0,100.0,70.0,3.0,1.0,3000.0,150.0,1,-14.991375,-39.807763
136,1014-ER-S-0242,700.0,30.0,50.0,30.0,3.0,0.7,1500.0,150.0,2,-14.997295000000001,-39.795229
137,1014-ER-S-0243,700.0,20.0,150.0,30.0,2.0,0.5,700.0,50.0,0,-14.954635999999999,-39.842494
138,1014-ER-S-0244,700.0,20.0,30.0,15.0,3.0,0.5,5000.0,50.0,1,-14.950004000000002,-39.872231
139,1014-ER-S-0245,1500.0,15.0,100.0,20.0,2.0,0.7,2000.0,30.0,2,-14.949995000000001,-39.874555
140,1014-ER-S-0246,700.0,7.0,70.0,10.0,1.5,0.5,1000.0,30.0,2,-14.912367999999999,-39.885408
141,1014-ER-S-0247,1500.0,7.0,100.0,5.0,2.0,1.0,1500.0,30.0,3,-14.914782,-39.888729999999995
142,1014-ER-S-0249,700.0,7.0,50.0,15.0,1.5,0.5,1500.0,30.0,2,-14.876501000000001,-39.894254
143,1014-ER-S-0251,700.0,7.0,50.0,15.0,2.0,0.3,1000.0,30.0,2,-14.862642999999998,-39.897901
144,1014-ER-S-0252,700.0,10.0,50.0,10.0,2.0,0.5,700.0,30.0,0,-14.859447,-39.897245
145,1014-ER-S-0254,1500.0,7.0,100.0,15.0,2.0,0.5,1000.0,30.0,3,-14.862728,-39.882103
146,1014-ER-S-0258,1000.0,7.0,50.0,20.0,3.0,1.0,3000.0,30.0,1,-14.874270000000001,-39.86871
147,1014-ER-S-0259,1000.0,10.0,50.0,7.0,2.0,0.5,700.0,50.0,0,-14.878264000000001,-39.871581
148,1014-ER-S-0260,1000.0,20.0,100.0,15.0,3.0,0.7,700.0,70.0,0,-14.863211999999999,-39.873740000000005
149,1014-ER-S-0260R,1000.0,20.0,50.0,15.0,3.0,0.7,1500.0,50.0,2,-14.86276,-39.873738
150,1014-ER-S-0261,1000.0,7.0,30.0,15.0,0.7,0.2,300.0,30.0,0,-14.847806,-39.883437
151,1014-ER-S-0262,700.0,7.0,30.0,15.0,1.5,0.3,1000.0,30.0,2,-14.845916,-39.880886
152,1014-ER-S-0264,700.0,10.0,20.0,20.0,3.0,0.3,700.0,50.0,0,-14.809652999999999,-39.930207
153,1014-ER-S-0265,700.0,10.0,70.0,70.0,3.0,0.2,1500.0,50.0,2,-14.819514000000002,-39.950693
154,1014-ER-S-0267,1000.0,10.0,30.0,15.0,2.0,0.2,500.0,30.0,0,-14.787408,-39.953804
155,1014-ER-S-0269,1000.0,15.0,30.0,15.0,3.0,0.2,1500.0,50.0,2,-14.796069000000001,-39.958023
156,1014-ER-S-0271,1000.0,7.0,30.0,70.0,2.0,0.2,500.0,30.0,0,-14.795084,-39.960133
157,1014-ER-S-0272,1000.0,7.0,30.0,7.0,2.0,0.2,700.0,30.0,0,-14.799576,-39.962685
158,1014-ER-S-0273,700.0,5.0,10.0,20.0,3.0,0.1,1000.0,30.0,2,-14.796226,-39.962307
159,1014-ER-S-0274,700.0,50.0,500.0,100.0,3.0,0.2,1000.0,50.0,2,-14.789506,-39.992371999999996
160,1014-ER-S-0275,1000.0,10.0,50.0,50.0,3.0,0.2,700.0,30.0,0,-14.770897,-39.956984000000006
161,1014-ER-S-0275R,700.0,10.0,30.0,20.0,3.0,0.2,700.0,30.0,0,-14.770302,-39.956982
162,1014-ER-S-0278,1000.0,5.0,30.0,15.0,1.5,0.15,300.0,30.0,0,-14.764636999999999,-39.929549
163,1014-ER-S-0279,1000.0,7.0,30.0,10.0,3.0,0.2,1500.0,30.0,2,-14.763595,-39.893982
164,1014-ER-S-0280,700.0,30.0,100.0,15.0,3.0,0.3,1000.0,50.0,2,-14.790783,-39.901324
165,1014-ER-S-0281,1000.0,20.0,100.0,15.0,3.0,0.3,700.0,50.0,0,-14.785928,-39.899446999999995
166,1014-ER-S-0282,700.0,30.0,200.0,15.0,3.0,0.3,500.0,100.0,0,-14.758485999999998,-39.952284999999996
167,1014-ER-S-0283,700.0,15.0,100.0,15.0,3.0,0.2,700.0,70.0,0,-14.952185,-39.768562
168,1014-ER-S-0284,300.0,5.0,100.0,10.0,3.0,0.1,1000.0,70.0,0,-14.953531,-39.771357
169,1014-EW-S-0125,150.0,30.0,150.0,30.0,2.0,0.15,150.0,100.0,0,-14.519772,-39.542462
170,1014-EW-S-0126,150.0,20.0,100.0,7.0,1.5,0.1,300.0,150.0,0,-14.548363,-39.548138
171,1014-EW-S-0127,700.0,15.0,150.0,10.0,3.0,0.07,1000.0,150.0,2,-14.582294000000001,-39.560253
172,1014-EW-S-0127R,1000.0,30.0,150.0,7.0,2.0,0.2,500.0,100.0,0,-14.582297,-39.559325
173,1014-EW-S-0129,100.0,15.0,50.0,7.0,1.5,0.05,300.0,100.0,0,-14.612105,-39.563127
174,1014-EW-S-0131,150.0,15.0,200.0,10.0,2.0,0.05,150.0,150.0,0,-14.631839999999999,-39.559914
175,1014-EW-S-0131R,150.0,20.0,150.0,15.0,3.0,0.07,150.0,150.0,0,-14.631842,-39.558986
176,1014-EW-S-0133,1500.0,70.0,150.0,20.0,5.0,0.3,700.0,150.0,3,-14.524636,-39.601914
177,1014-EW-S-0135,700.0,30.0,70.0,15.0,3.0,0.15,200.0,70.0,0,-14.510425,-39.635312
178,1014-EW-S-0137,500.0,20.0,50.0,10.0,3.0,0.2,500.0,70.0,0,-14.515419,-39.637040999999996
179,1014-EW-S-0139,700.0,70.0,70.0,15.0,5.0,0.3,700.0,150.0,0,-14.542084,-39.656214
180,1014-EW-S-0140,1500.0,30.0,70.0,10.0,3.0,0.7,700.0,150.0,3,-14.595028,-39.661512
181,1014-EW-S-0141,300.0,30.0,150.0,7.0,5.0,0.5,300.0,70.0,0,-14.579904999999998,-39.645196
182,1014-EW-S-0143,200.0,30.0,70.0,5.0,2.0,0.15,300.0,100.0,0,-14.570901999999998,-39.636244
183,1014-EW-S-0144,300.0,30.0,150.0,30.0,3.0,0.2,300.0,150.0,0,-14.575393,-39.617059000000005
184,1014-EW-S-0145,300.0,20.0,70.0,30.0,2.0,0.15,500.0,100.0,0,-14.600948,-39.620181
185,1014-EW-S-0146,150.0,30.0,100.0,20.0,3.0,0.1,300.0,150.0,0,-14.655635,-39.594764
186,1014-EW-S-0147,1000.0,30.0,50.0,15.0,3.0,0.7,2000.0,70.0,2,-14.543319,-39.697984000000005
187,1014-EW-S-0149,1000.0,30.0,100.0,30.0,3.0,0.7,500.0,100.0,0,-14.573873999999998,-39.710108
188,1014-EW-S-0150,1000.0,20.0,50.0,30.0,3.0,0.7,150.0,100.0,0,-14.587992000000002,-39.724117
189,1014-EW-S-0151,1500.0,15.0,50.0,20.0,2.0,0.7,1000.0,50.0,3,-14.618269,-39.728533
190,1014-EW-S-0153,700.0,15.0,100.0,30.0,3.0,0.3,700.0,100.0,0,-14.652565,-39.587825
191,1014-EW-S-0154,700.0,20.0,70.0,30.0,3.0,0.15,1500.0,100.0,2,-14.649882999999999,-39.575746
192,1014-EW-S-0155,1500.0,20.0,50.0,7.0,3.0,0.15,700.0,50.0,3,-14.572723000000002,-39.515671999999995
193,1014-EW-S-0157,700.0,20.0,100.0,30.0,3.0,0.15,500.0,100.0,0,-14.622435999999999,-39.521358
194,1014-EW-S-0158,700.0,30.0,70.0,70.0,3.0,1.0,1500.0,100.0,2,-14.612423999999999,-39.716770000000004
195,1014-EW-S-0160,1500.0,20.0,50.0,50.0,3.0,0.7,1000.0,70.0,3,-14.626843,-39.731671999999996
196,1014-EW-S-0161,1000.0,20.0,100.0,50.0,3.0,0.7,1000.0,100.0,2,-14.703644,-39.745859
197,1014-EW-S-0162,1000.0,20.0,100.0,20.0,3.0,0.7,3000.0,70.0,1,-14.694764000000001,-39.746907
198,1014-EW-S-0163,700.0,15.0,50.0,30.0,3.0,0.7,700.0,50.0,0,-14.676264000000002,-39.753431
199,1014-EW-S-0165,700.0,15.0,100.0,30.0,3.0,1.5,1000.0,70.0,2,-14.669293,-39.744814
200,1014-EW-S-0167,1000.0,15.0,100.0,30.0,3.0,1.5,700.0,70.0,0,-14.689131,-39.760669
201,1014-EW-S-0168,1000.0,30.0,70.0,30.0,3.0,1.0,1500.0,50.0,2,-14.666072,-39.73259
202,1014-EW-S-0170,500.0,30.0,50.0,30.0,3.0,0.5,700.0,100.0,0,-14.647708999999999,-39.7334
203,1014-EW-S-0171,700.0,30.0,70.0,20.0,3.0,0.7,1000.0,70.0,2,-14.654836999999999,-39.741979
204,1014-EW-S-0172,1000.0,20.0,30.0,50.0,3.0,0.5,700.0,50.0,0,-14.638301,-39.719640000000005
205,1014-EW-S-0173,300.0,10.0,30.0,30.0,1.5,0.15,700.0,100.0,0,-14.628696,-39.675953
206,1014-EW-S-0175,1500.0,15.0,70.0,50.0,1.5,1.0,1000.0,150.0,3,-14.630348000000001,-39.668853999999996
207,1014-EW-S-0176,700.0,15.0,70.0,50.0,2.0,0.7,700.0,100.0,0,-14.651422,-39.676038
208,1014-EW-S-0177,1500.0,15.0,30.0,70.0,2.0,0.7,1000.0,100.0,3,-14.676407000000001,-39.682854999999996
209,1014-EW-S-0180,1000.0,30.0,150.0,50.0,2.0,1.0,5000.0,100.0,1,-14.685943,-39.67562
210,1014-EW-S-0181,1000.0,50.0,50.0,15.0,2.0,1.5,2000.0,100.0,2,-14.689009,-39.685442
211,1014-EW-S-0182,1000.0,30.0,70.0,20.0,2.0,1.5,1000.0,100.0,2,-14.699385999999999,-39.692143
212,1014-EW-S-0183,1000.0,30.0,150.0,15.0,3.0,0.7,3000.0,150.0,1,-14.637927,-39.652784000000004
213,1014-EW-S-0186,1000.0,50.0,50.0,7.0,3.0,0.3,1500.0,100.0,2,-14.708019,-39.643703
214,1014-EW-S-0187,300.0,30.0,150.0,5.0,3.0,0.5,3000.0,150.0,1,-14.733804000000001,-39.646721
215,1014-EW-S-0189,700.0,20.0,30.0,5.0,2.0,0.2,700.0,100.0,0,-14.681643,-39.665986
216,1014-EW-S-0190,300.0,20.0,100.0,15.0,3.0,0.2,500.0,150.0,0,-14.749653,-39.626639000000004
217,1014-EW-S-0191,1500.0,20.0,100.0,10.0,3.0,0.3,700.0,100.0,3,-14.751605,-39.571368
218,1014-EW-S-0192,500.0,20.0,150.0,15.0,3.0,0.2,700.0,150.0,0,-14.754763,-39.573699
219,1014-EW-S-0193,700.0,30.0,100.0,20.0,3.0,0.2,700.0,150.0,0,-14.713633999999999,-39.570803999999995
220,1014-EW-S-0195,150.0,20.0,150.0,5.0,3.0,0.15,300.0,200.0,0,-14.697659,-39.565762
221,1014-EW-S-0197,300.0,30.0,30.0,7.0,3.0,0.15,500.0,100.0,0,-14.687278,-39.624139
222,1014-EW-S-0198,700.0,20.0,50.0,15.0,3.0,0.2,700.0,150.0,0,-14.689093,-39.621821999999995
223,1014-EW-S-0199,30.0,30.0,70.0,5.0,3.0,0.15,500.0,200.0,0,-14.706281,-39.617691
224,1014-EW-S-0202,150.0,15.0,50.0,5.0,3.0,0.1,300.0,100.0,0,-14.652244,-39.519467999999996
225,1014-EW-S-0203,300.0,10.0,70.0,15.0,3.0,0.1,200.0,150.0,0,-14.673564,-39.500583
226,1014-EW-S-0205,700.0,20.0,100.0,10.0,3.0,0.2,500.0,150.0,0,-14.712786,-39.506619
227,1014-JJ-S-0030,700.0,30.0,70.0,50.0,3.0,0.5,700.0,150.0,0,-14.546482999999998,-39.697994
228,1014-JJ-S-0033,700.0,30.0,70.0,50.0,3.0,0.7,5000.0,100.0,1,-14.584376999999998,-39.715441
229,1014-JJ-S-0034,700.0,15.0,30.0,30.0,3.0,0.7,700.0,100.0,0,-14.595310000000001,-39.723969
230,1014-JJ-S-0036,700.0,30.0,100.0,50.0,5.0,1.0,5000.0,300.0,1,-14.620529000000001,-39.727009
231,1014-JJ-S-0037,1500.0,20.0,200.0,30.0,5.0,0.5,1000.0,150.0,3,-14.654318,-39.575044
232,1014-JJ-S-0039,2000.0,50.0,100.0,15.0,5.0,0.3,1000.0,150.0,3,-14.575882,-39.518
233,1014-JJ-S-0040,700.0,30.0,50.0,15.0,3.0,0.15,700.0,150.0,0,-14.575882,-39.518
234,1014-JJ-S-0041,200.0,70.0,300.0,30.0,7.0,0.3,1000.0,200.0,0,-14.633741,-39.519991999999995
235,1014-JJ-S-0043,500.0,30.0,70.0,30.0,3.0,0.7,1500.0,150.0,2,-14.606909,-39.714166999999996
236,1014-JJ-S-0043R,700.0,20.0,70.0,50.0,5.0,1.5,1500.0,150.0,2,-14.60609,-39.714164000000004
237,1014-JJ-S-0044,700.0,20.0,200.0,20.0,3.0,0.7,1000.0,150.0,2,-14.604268,-39.713658
238,1014-JJ-S-0045,1500.0,15.0,50.0,7.0,3.0,0.7,700.0,100.0,3,-14.632265,-39.732046999999994
239,1014-JJ-S-0046,1500.0,20.0,150.0,15.0,3.0,0.7,1500.0,100.0,3,-14.701981,-39.74248
240,1014-JJ-S-0047,1000.0,20.0,100.0,10.0,5.0,0.7,1000.0,200.0,2,-14.694586,-39.751058
241,1014-JJ-S-0048,1500.0,20.0,150.0,10.0,5.0,1.0,1000.0,150.0,3,-14.693721,-39.739323999999996
242,1014-JJ-S-0049,700.0,30.0,150.0,5.0,5.0,0.7,700.0,150.0,0,-14.681028,-39.750426000000004
243,1014-JJ-S-0051,200.0,20.0,50.0,5.0,3.0,0.3,1000.0,150.0,0,-14.679601000000002,-39.747085999999996
244,1014-JJ-S-0053,700.0,30.0,100.0,30.0,5.0,0.7,700.0,150.0,0,-14.664805,-39.749703000000004
245,1014-JJ-S-0054,700.0,30.0,70.0,30.0,3.0,1.0,5000.0,100.0,1,-14.683732000000001,-39.761893
246,1014-JJ-S-0055,500.0,30.0,100.0,10.0,3.0,0.7,1500.0,200.0,2,-14.681681,-39.733484000000004
247,1014-JJ-S-0056,700.0,30.0,100.0,30.0,5.0,0.7,700.0,150.0,0,-14.666628,-39.736947
248,1014-JJ-S-0057,1000.0,30.0,30.0,10.0,3.0,0.7,1000.0,100.0,2,-14.646056,-39.738671999999994
249,1014-JJ-S-0059,700.0,30.0,70.0,30.0,5.0,0.7,1000.0,150.0,2,-14.637585000000001,-39.728303000000004
250,1014-JJ-S-0061,300.0,30.0,70.0,30.0,3.0,0.3,500.0,150.0,0,-14.649516,-39.676462
251,1014-JJ-S-0061R,300.0,30.0,50.0,15.0,3.0,0.3,1000.0,150.0,0,-14.649064000000001,-39.67646
252,1014-JJ-S-0062,1500.0,100.0,200.0,30.0,5.0,0.7,2000.0,150.0,2,-14.935728,-39.511413
253,1014-JJ-S-0065,300.0,30.0,200.0,5.0,3.0,0.3,1500.0,150.0,2,-14.948336,-39.53283
254,1014-JJ-S-0067,700.0,30.0,70.0,20.0,3.0,0.7,1500.0,100.0,2,-14.880417999999999,-39.588105
255,1014-JJ-S-0068,700.0,7.0,30.0,50.0,2.0,0.2,700.0,30.0,0,-14.928068,-39.675965999999995
256,1014-JJ-S-0069,700.0,30.0,50.0,30.0,3.0,0.3,3000.0,70.0,1,-14.846785999999998,-39.6469
257,1014-JJ-S-0071,1500.0,20.0,30.0,15.0,3.0,0.5,1000.0,50.0,3,-14.864703,-39.637888000000004
258,1014-JJ-S-0073,3000.0,15.0,20.0,10.0,3.0,0.3,1500.0,50.0,3,-14.900128,-39.64613
259,1014-JJ-S-0073R,3000.0,15.0,30.0,15.0,3.0,0.3,1500.0,50.0,3,-14.900128,-39.64613
260,1014-JJ-S-0074,500.0,20.0,100.0,15.0,3.0,0.3,700.0,200.0,0,-14.840962,-39.521142
261,1014-JJ-S-0076,700.0,50.0,100.0,30.0,3.0,0.5,2000.0,150.0,2,-14.853366000000001,-39.612844
262,1014-JJ-S-0078,150.0,30.0,150.0,20.0,3.0,0.3,1500.0,300.0,2,-14.818662,-39.604012
263,1014-JJ-S-0079,300.0,20.0,150.0,30.0,3.0,0.3,1500.0,300.0,2,-14.804406,-39.595739
264,1014-JJ-S-0080,700.0,30.0,150.0,15.0,3.0,0.3,700.0,150.0,0,-14.839835999999998,-39.537211
265,1014-JJ-S-0082,300.0,50.0,100.0,15.0,3.0,0.3,1500.0,150.0,2,-14.78941,-39.515260999999995
266,1014-JJ-S-0084,1000.0,20.0,100.0,20.0,3.0,0.5,700.0,150.0,0,-14.864297,-39.541429
267,1014-JJ-S-0086,700.0,30.0,70.0,20.0,3.0,0.5,700.0,100.0,0,-14.863237,-39.536078
268,1014-JJ-S-0088,1000.0,20.0,100.0,30.0,3.0,0.5,500.0,100.0,0,-14.856933999999999,-39.534572999999995
269,1014-RH-S-0148,300.0,5.0,30.0,70.0,2.0,0.15,700.0,30.0,0,-14.547348000000001,-39.934855
270,1014-RH-S-0149,500.0,20.0,70.0,50.0,3.0,0.3,700.0,50.0,0,-14.551979000000001,-39.936543
271,1014-RH-S-0150,700.0,20.0,70.0,20.0,3.0,0.3,700.0,50.0,0,-14.553791,-39.935623
272,1014-RH-S-0151,700.0,10.0,30.0,30.0,1.5,0.3,300.0,20.0,0,-14.569116000000001,-39.946362
273,1014-RH-S-0152,300.0,10.0,50.0,70.0,3.0,0.2,1000.0,50.0,0,-14.58385,-40.039904
274,1014-RH-S-0156,300.0,10.0,15.0,30.0,2.0,0.1,1000.0,30.0,0,-14.578278,-39.915769
275,1014-RH-S-0157R,700.0,5.0,15.0,70.0,1.0,0.15,100.0,30.0,0,-14.549992999999999,-39.903529
276,1014-RH-S-0158,700.0,7.0,30.0,15.0,1.5,0.3,150.0,30.0,0,-14.566532,-39.914328000000005
277,1014-RH-S-0158R,700.0,7.0,20.0,15.0,1.0,0.3,200.0,30.0,0,-14.566532,-39.914328000000005
278,1014-RH-S-0159,300.0,20.0,20.0,30.0,2.0,0.15,700.0,50.0,0,-14.547305999999999,-39.896283000000004
279,1014-RH-S-0161,700.0,15.0,30.0,100.0,3.0,0.3,700.0,50.0,0,-14.583556,-39.952457
280,1014-RH-S-0162,700.0,10.0,30.0,50.0,3.0,0.2,700.0,50.0,0,-14.564070999999998,-39.946922
281,1014-RH-S-0163,700.0,5.0,30.0,50.0,1.0,0.2,500.0,30.0,0,-14.632404999999999,-39.901222
282,1014-RH-S-0165,700.0,10.0,50.0,20.0,2.0,0.15,700.0,30.0,0,-14.550443,-39.866
283,1014-RH-S-0167,1500.0,20.0,70.0,15.0,3.0,0.7,500.0,70.0,3,-14.558798000000001,-39.880645
284,1014-RH-S-0168,700.0,20.0,70.0,15.0,3.0,0.7,500.0,50.0,0,-14.562797,-39.877173
285,1014-RH-S-0169,700.0,15.0,70.0,20.0,2.0,0.7,1000.0,50.0,2,-14.566635,-39.887412
286,1014-RH-S-0170,700.0,15.0,70.0,7.0,3.0,0.7,700.0,50.0,0,-14.570248000000001,-39.888354
287,1014-RH-S-0171,700.0,30.0,70.0,10.0,3.0,0.7,1500.0,50.0,2,-14.589175,-39.87528
288,1014-RH-S-0173,700.0,15.0,150.0,70.0,3.0,1.5,500.0,50.0,0,-14.605118,-39.884233
289,1014-RH-S-0177,700.0,10.0,70.0,7.0,2.0,0.2,1000.0,50.0,2,-14.568574,-39.852148
290,1014-RH-S-0178,700.0,15.0,70.0,200.0,3.0,1.0,300.0,50.0,0,-14.616322,-39.896895
291,1014-RH-S-0178R,700.0,10.0,70.0,5.0,2.0,0.7,300.0,30.0,0,-14.616322,-39.896895
292,1014-RH-S-0179,300.0,7.0,70.0,30.0,3.0,0.1,700.0,30.0,0,-14.66761,-40.043234000000005
293,1014-RH-S-0181,700.0,10.0,150.0,70.0,2.0,0.3,700.0,30.0,0,-14.681282000000001,-39.962391
294,1014-RH-S-0183,700.0,15.0,200.0,70.0,2.0,0.5,700.0,30.0,0,-14.683732999999998,-39.964784
295,1014-RH-S-0185,300.0,10.0,50.0,30.0,2.0,0.05,1500.0,30.0,2,-14.715832,-39.960921
296,1014-RH-S-0186,500.0,10.0,50.0,20.0,2.0,0.3,700.0,30.0,0,-14.714537,-39.977171000000006
297,1014-RH-S-0187,500.0,10.0,100.0,30.0,2.0,0.15,1000.0,30.0,0,-14.710909,-39.979942
298,1014-RH-S-0188,700.0,20.0,100.0,30.0,3.0,0.7,500.0,70.0,0,-14.631684,-39.832308000000005
299,1014-RH-S-0189,700.0,10.0,50.0,30.0,2.0,0.3,300.0,30.0,0,-14.649887,-39.815875
300,1014-RH-S-0191,700.0,15.0,30.0,30.0,2.0,0.3,700.0,50.0,0,-14.640541,-39.825962
301,1014-RH-S-0193,700.0,20.0,50.0,10.0,2.0,0.3,700.0,50.0,0,-14.612979000000001,-39.82261
302,1014-RH-S-0194,1500.0,20.0,50.0,20.0,3.0,0.5,700.0,50.0,3,-14.575073999999999,-39.803903999999996
303,1014-RH-S-0195,1000.0,30.0,50.0,15.0,3.0,0.3,1000.0,50.0,2,-14.547037,-39.823359
304,1014-RH-S-0197,1000.0,7.0,30.0,15.0,3.0,0.5,300.0,50.0,0,-14.564141000000001,-39.827998
305,1014-RH-S-0198,700.0,7.0,70.0,15.0,2.0,0.7,300.0,50.0,0,-14.639812,-39.900704
306,1014-RH-S-0200,700.0,20.0,70.0,10.0,3.0,0.5,3000.0,50.0,1,-14.657910000000001,-39.896135
307,1014-RH-S-0202,700.0,15.0,150.0,15.0,3.0,0.7,700.0,50.0,0,-14.674197,-39.892487
308,1014-RH-S-0204,700.0,7.0,30.0,10.0,2.0,0.3,300.0,50.0,0,-14.690199,-39.901196
309,1014-RH-S-0205,1000.0,7.0,30.0,30.0,1.5,0.5,700.0,50.0,0,-14.693036,-39.906137
310,1014-RH-S-0206,700.0,15.0,100.0,30.0,3.0,0.7,1000.0,50.0,2,-14.711170999999998,-39.904269
311,1014-RH-S-0207,700.0,10.0,30.0,30.0,2.0,0.5,700.0,50.0,0,-14.711014000000002,-39.904709000000004
312,1014-RH-S-0209,300.0,20.0,70.0,7.0,3.0,0.3,1000.0,100.0,0,-14.654429,-39.860371
313,1014-RH-S-0211,500.0,15.0,70.0,30.0,3.0,0.3,700.0,100.0,0,-14.649014000000001,-39.858028999999995
314,1014-RH-S-0212,700.0,15.0,70.0,7.0,3.0,0.3,700.0,100.0,0,-14.644476000000001,-39.862654
315,1014-RH-S-0215,300.0,7.0,70.0,7.0,2.0,0.2,700.0,30.0,0,-14.519770999999999,-39.964711
316,1014-RH-S-0216,300.0,15.0,200.0,7.0,3.0,0.2,1500.0,70.0,2,-14.511185000000001,-39.964209999999994
317,1014-RH-S-0217,300.0,5.0,100.0,7.0,2.0,0.3,1000.0,30.0,0,-14.513422,-39.969787
318,1014-RH-S-0219,300.0,7.0,300.0,5.0,3.0,0.3,1500.0,30.0,2,-14.519295000000001,-39.970741
319,1014-RH-S-0220,700.0,5.0,50.0,15.0,1.5,0.3,1000.0,30.0,2,-14.528648,-39.8919
320,1014-RH-S-0223,500.0,10.0,50.0,7.0,3.0,0.2,1500.0,30.0,2,-14.527467999999999,-39.873579
321,1014-RH-S-0225,700.0,5.0,30.0,7.0,2.0,0.3,500.0,30.0,0,-14.512767000000002,-39.907612
322,1014-RH-S-0226,300.0,7.0,70.0,7.0,3.0,0.3,150.0,50.0,0,-14.531360000000001,-39.891911
323,1014-RH-S-0227,500.0,30.0,100.0,15.0,3.0,0.3,700.0,70.0,0,-14.545017999999999,-39.865978999999996
324,1014-RH-S-0229,700.0,30.0,70.0,70.0,3.0,0.7,700.0,70.0,0,-14.737174,-39.864305
325,1014-RH-S-0231,500.0,20.0,70.0,10.0,3.0,0.5,700.0,150.0,0,-14.737826,-39.857317
326,1014-RH-S-0233,500.0,20.0,70.0,10.0,3.0,0.7,700.0,70.0,0,-14.724292000000002,-39.858908
327,1014-RH-S-0234,500.0,15.0,50.0,10.0,3.0,0.5,700.0,50.0,0,-14.728914999999999,-39.857467
328,1014-RH-S-0236,300.0,50.0,100.0,15.0,3.0,0.7,700.0,150.0,0,-14.722195000000001,-39.870389
329,1014-RH-S-0237,700.0,10.0,50.0,10.0,3.0,0.7,700.0,50.0,0,-14.699615,-39.871466
330,1014-RH-S-0237R,300.0,20.0,70.0,15.0,3.0,0.7,700.0,70.0,0,-14.699593,-39.870764
331,1014-RH-S-0238,700.0,30.0,70.0,15.0,3.0,0.7,1000.0,50.0,2,-14.686207000000001,-39.864072
332,1014-RH-S-0239,300.0,7.0,70.0,7.0,3.0,0.5,1500.0,50.0,2,-14.677035,-39.859066999999996
333,1014-RH-S-0240,700.0,20.0,100.0,15.0,3.0,0.5,1000.0,50.0,2,-14.665269,-39.862735
334,1014-RH-S-0241,700.0,15.0,70.0,10.0,3.0,0.5,700.0,50.0,0,-14.728697,-39.823042
335,1014-RH-S-0243,300.0,20.0,300.0,15.0,3.0,0.5,700.0,50.0,0,-14.709655999999999,-39.811421
336,1014-RH-S-0245,300.0,30.0,500.0,15.0,3.0,0.5,1500.0,100.0,2,-14.720666,-39.792823999999996
337,1014-RH-S-0247,700.0,30.0,50.0,50.0,3.0,0.7,1000.0,100.0,2,-14.724282,-39.792837
338,1014-RH-S-0248,500.0,30.0,300.0,30.0,5.0,1.5,1500.0,150.0,2,-14.734992000000002,-39.777288
339,1014-RH-S-0249,700.0,30.0,500.0,30.0,3.0,0.7,1500.0,100.0,2,-14.731575,-39.77475
340,1014-RH-S-0251,700.0,10.0,70.0,15.0,3.0,0.2,1000.0,50.0,2,-14.741879999999998,-39.922952
341,1014-RH-S-0253,700.0,20.0,100.0,10.0,3.0,0.3,700.0,50.0,0,-14.743720000000001,-39.915064
342,1014-RH-S-0255,1000.0,7.0,70.0,70.0,3.0,0.2,1500.0,50.0,2,-14.684026999999999,-39.92178
343,1014-RH-S-0256,1000.0,5.0,70.0,30.0,2.0,0.15,700.0,30.0,0,-14.612708999999999,-39.895952
344,1014-RH-S-0257,700.0,15.0,70.0,15.0,3.0,0.15,1000.0,50.0,2,-14.506798000000002,-39.845809
345,1014-RH-S-0259,1000.0,10.0,50.0,70.0,3.0,0.2,700.0,50.0,0,-14.505006,-39.852548
346,1014-RH-S-0261,1000.0,15.0,70.0,20.0,2.0,0.3,700.0,30.0,0,-14.50726,-39.806443
347,1014-RH-S-0263,1000.0,15.0,50.0,10.0,3.0,0.3,1000.0,50.0,2,-14.500874,-39.823122999999995
348,1014-RH-S-0265,1000.0,10.0,70.0,70.0,1.5,0.3,300.0,50.0,0,-14.520833999999999,-39.80278
349,1014-RH-S-0267,1500.0,15.0,100.0,10.0,2.0,0.3,700.0,50.0,3,-14.519022,-39.804152
350,1014-RH-S-0269,1500.0,20.0,70.0,15.0,3.0,0.5,700.0,100.0,3,-14.532354999999999,-39.800669
351,1014-RH-S-0270,1500.0,20.0,70.0,10.0,3.0,0.3,500.0,70.0,3,-14.541905999999999,-39.816359999999996
352,1014-RV-S-0001,500.0,30.0,150.0,10.0,5.0,0.2,500.0,200.0,0,-14.853932,-39.566882
353,1014-RV-S-0003,700.0,20.0,70.0,5.0,1.5,0.1,300.0,150.0,0,-14.864177,-39.565315000000005
354,1014-RV-S-0005,1000.0,50.0,500.0,15.0,3.0,0.7,700.0,200.0,0,-14.878384,-39.562101
355,1014-RV-S-0007,300.0,30.0,150.0,10.0,3.0,0.3,1000.0,200.0,0,-14.837437,-39.678616
356,1014-RV-S-0008,200.0,50.0,150.0,5.0,5.0,0.5,2000.0,300.0,2,-14.820354,-39.698859999999996
357,1014-RV-S-0008R,150.0,30.0,150.0,5.0,3.0,0.15,500.0,200.0,0,-14.820354,-39.698859999999996
358,1014-RV-S-0011,500.0,50.0,300.0,15.0,3.0,0.3,300.0,150.0,0,-14.834270000000002,-39.735874
359,1014-RV-S-0012,150.0,10.0,70.0,5.0,1.5,0.05,150.0,70.0,0,-14.760682000000001,-39.720040000000004
360,1014-RV-S-0013,500.0,30.0,300.0,5.0,5.0,0.5,300.0,150.0,0,-14.781455,-39.726612
361,1014-RV-S-0017,150.0,30.0,200.0,20.0,5.0,0.1,700.0,200.0,0,-14.806982999999999,-39.655145000000005
362,1014-RV-S-0018,150.0,30.0,150.0,7.0,5.0,0.07,700.0,200.0,0,-14.788870000000001,-39.666241
363,1014-RV-S-0019,500.0,15.0,50.0,5.0,2.0,0.1,300.0,50.0,0,-14.856701000000001,-39.657154
364,1014-RV-S-0021,700.0,50.0,50.0,15.0,15.0,0.2,1500.0,100.0,2,-14.98926,-39.687644
365,1014-RV-S-0022,700.0,20.0,100.0,20.0,3.0,0.7,2000.0,100.0,2,-14.996435,-39.70197
366,1014-RV-S-0023,300.0,20.0,70.0,15.0,3.0,0.3,1000.0,100.0,0,-14.972263,-39.724011
367,1014-RV-S-0024,700.0,20.0,50.0,20.0,3.0,0.7,1000.0,100.0,2,-14.932633,-39.722865999999996
368,1014-RV-S-0025,200.0,15.0,30.0,30.0,3.0,0.3,700.0,70.0,0,-14.926433,-39.726493
369,1014-RV-S-0027,300.0,30.0,70.0,50.0,3.0,0.7,5000.0,100.0,1,-14.908072,-39.711231
370,1014-RV-S-0029,1500.0,10.0,15.0,15.0,2.0,0.3,1500.0,50.0,3,-14.869122,-39.73527
371,1014-RV-S-0030,2000.0,10.0,10.0,7.0,2.0,0.3,1000.0,30.0,3,-14.873532,-39.720313
372,1014-RV-S-0031,700.0,30.0,70.0,50.0,3.0,0.5,3000.0,150.0,1,-14.812088000000001,-39.759238
373,1014-RV-S-0031R,1500.0,30.0,100.0,15.0,3.0,0.7,700.0,100.0,3,-14.812088000000001,-39.759238
374,1014-RV-S-0032,1500.0,20.0,70.0,20.0,3.0,0.7,1000.0,100.0,3,-14.813881,-39.763891
375,1014-RV-S-0034,300.0,20.0,100.0,150.0,3.0,0.5,1500.0,150.0,2,-14.984863,-39.638616999999996
376,1014-RV-S-0035,700.0,30.0,150.0,15.0,3.0,0.7,3000.0,150.0,1,-14.975209,-39.630545
377,1014-RV-S-0037,500.0,30.0,70.0,30.0,3.0,0.5,1500.0,100.0,2,-14.941947,-39.647566
378,1014-RV-S-0039,700.0,30.0,100.0,20.0,3.0,0.7,1500.0,100.0,2,-14.946654999999998,-39.582108000000005
379,1014-RV-S-0041,700.0,30.0,100.0,15.0,3.0,0.5,700.0,100.0,0,-14.956492,-39.524481
380,1014-RV-S-0042,300.0,15.0,100.0,30.0,3.0,0.3,500.0,150.0,0,-14.976379999999999,-39.525459999999995
381,1014-RV-S-0043,1500.0,20.0,100.0,15.0,3.0,0.7,700.0,100.0,3,-14.978123000000002,-39.522273999999996
382,1014-RV-S-0045,300.0,20.0,150.0,10.0,3.0,0.7,700.0,100.0,0,-14.966415,-39.533805
383,1014-RV-S-0047,700.0,30.0,70.0,20.0,3.0,0.3,500.0,150.0,0,-14.633692000000002,-39.669743
384,1014-RV-S-0048,700.0,30.0,30.0,20.0,3.0,0.7,1000.0,100.0,2,-14.695638,-39.677619
385,1014-RV-S-0050,1000.0,30.0,100.0,20.0,3.0,0.5,700.0,150.0,0,-14.693398,-39.671085999999995
386,1014-RV-S-0051,1000.0,20.0,100.0,15.0,3.0,0.5,700.0,150.0,0,-14.693688,-39.676175
387,1014-RV-S-0053,700.0,30.0,70.0,15.0,3.0,0.7,1000.0,150.0,2,-14.683048000000001,-39.681708
388,1014-RV-S-0054,300.0,20.0,70.0,10.0,3.0,0.5,300.0,150.0,0,-14.683048000000001,-39.681708
389,1014-RV-S-0055,700.0,20.0,70.0,7.0,3.0,0.5,500.0,100.0,0,-14.70306,-39.687379
390,1014-RV-S-0056,1000.0,20.0,70.0,15.0,3.0,0.7,300.0,100.0,0,-14.626616,-39.647642
391,1014-RV-S-0057,700.0,15.0,150.0,20.0,3.0,0.15,200.0,100.0,0,-14.680432999999999,-39.655851
392,1014-RV-S-0059,300.0,50.0,100.0,10.0,3.0,0.15,1000.0,150.0,0,-14.712992000000002,-39.643254
393,1014-RV-S-0060,700.0,20.0,100.0,30.0,3.0,0.2,1000.0,150.0,2,-14.735138000000001,-39.644712
394,1014-RV-S-0061,500.0,30.0,100.0,20.0,3.0,0.2,1000.0,150.0,0,-14.718463,-39.62655
395,1014-RV-S-0063,300.0,30.0,100.0,20.0,3.0,0.2,700.0,200.0,0,-14.752813,-39.628506
396,1014-RV-S-0063R,300.0,30.0,150.0,20.0,3.0,0.2,700.0,200.0,0,-14.752813,-39.628506
397,1014-RV-S-0065,300.0,10.0,70.0,50.0,2.0,0.3,150.0,50.0,0,-14.751141,-39.576012
398,1014-RV-S-0067,300.0,50.0,200.0,20.0,3.0,0.3,700.0,150.0,0,-14.718693,-39.564094
399,1014-RV-S-0069,200.0,15.0,100.0,10.0,3.0,0.2,500.0,150.0,0,-14.704157999999998,-39.568828
400,1014-RV-S-0069R,150.0,15.0,70.0,30.0,3.0,0.15,300.0,150.0,0,-14.704157999999998,-39.568828
401,1014-RV-S-0071,1500.0,20.0,70.0,10.0,3.0,0.15,1000.0,100.0,3,-14.684268,-39.563763
402,1014-RV-S-0072,200.0,50.0,70.0,20.0,3.0,0.15,700.0,150.0,0,-14.687732999999998,-39.623212
403,1014-RV-S-0073,200.0,20.0,70.0,20.0,3.0,0.3,500.0,150.0,0,-14.688642000000002,-39.621357
404,1014-RV-S-0075,200.0,50.0,70.0,20.0,3.0,0.15,1000.0,150.0,0,-14.706223999999999,-39.620837
405,1014-RV-S-0077,700.0,30.0,150.0,10.0,3.0,0.5,300.0,100.0,0,-14.649061999999999,-39.541385999999996
406,1014-RV-S-0079,300.0,20.0,100.0,30.0,3.0,0.2,500.0,150.0,0,-14.663134,-39.515418
407,1014-RV-S-0080,500.0,20.0,100.0,10.0,3.0,0.2,500.0,100.0,0,-14.686923,-39.536625
408,1014-RV-S-0081,300.0,30.0,200.0,10.0,3.0,0.2,700.0,150.0,0,-14.724148999999999,-39.51019
409,1014-RV-S-0082,200.0,30.0,100.0,15.0,3.0,0.2,700.0,200.0,0,-14.711559,-39.506266
410,1014-TF-S-0003,50.0,15.0,100.0,10.0,3.0,0.07,1500.0,100.0,2,-14.508771,-39.728313
411,1014-TF-S-0005,1000.0,20.0,150.0,50.0,3.0,1.0,3000.0,70.0,1,-14.925482,-39.833075
412,1014-TF-S-0007,20.0,7.0,70.0,10.0,5.0,0.03,200.0,200.0,0,-14.923913,-39.838656
413,1014-TF-S-0007R,1000.0,10.0,150.0,10.0,3.0,0.7,1000.0,50.0,2,-14.923910999999999,-39.839121
414,1014-VB-S-0001,700.0,30.0,300.0,20.0,5.0,0.1,300.0,100.0,0,-14.857395,-39.516137
415,1014-VB-S-0002,700.0,30.0,200.0,10.0,3.0,0.2,700.0,150.0,0,-14.865103,-39.556793
416,1014-VB-S-0004,150.0,15.0,150.0,10.0,3.0,0.2,500.0,150.0,0,-14.884981,-39.542244000000004
417,1014-VB-S-0005,700.0,30.0,200.0,5.0,5.0,0.2,300.0,200.0,0,-14.879546,-39.566126000000004
418,1014-VB-S-0006,500.0,30.0,50.0,10.0,3.0,0.15,300.0,100.0,0,-14.838544,-39.683122
419,1014-VB-S-0007,200.0,30.0,100.0,30.0,5.0,0.15,700.0,150.0,0,-14.841870000000002,-39.684878000000005
420,1014-VB-S-0009,200.0,30.0,150.0,10.0,5.0,0.2,500.0,200.0,0,-14.785254,-39.706802
421,1014-VB-S-0011,150.0,20.0,70.0,7.0,3.0,0.2,300.0,100.0,0,-14.813085000000001,-39.730435
422,1014-VB-S-0012,700.0,30.0,700.0,7.0,3.0,0.3,300.0,200.0,0,-14.773404999999999,-39.743838000000004
423,1014-VB-S-0012R,700.0,50.0,300.0,20.0,3.0,0.3,500.0,150.0,0,-14.773404999999999,-39.743838000000004
424,1014-VB-S-0013,500.0,50.0,150.0,20.0,5.0,0.2,500.0,150.0,0,-14.772364000000001,-39.742377000000005
425,1014-VB-S-0015,150.0,30.0,70.0,7.0,3.0,0.1,300.0,150.0,0,-14.780382000000001,-39.723251
426,1014-VB-S-0016,150.0,50.0,70.0,5.0,5.0,0.07,5000.0,200.0,1,-14.836791,-39.664528999999995
427,1014-VB-S-0017,150.0,30.0,100.0,10.0,3.0,0.07,300.0,200.0,0,-14.787973999999998,-39.663451
428,1014-VB-S-0020,300.0,20.0,70.0,15.0,2.0,0.7,2000.0,70.0,2,-14.993151000000001,-39.67896
429,1014-VB-S-0022,300.0,20.0,70.0,10.0,2.0,0.7,1000.0,100.0,0,-14.960454,-39.728141
430,1014-VB-S-0023,700.0,20.0,50.0,15.0,3.0,0.7,2000.0,70.0,2,-14.950482000000001,-39.72079
431,1014-VB-S-0025,200.0,20.0,70.0,5.0,7.0,0.5,2000.0,150.0,2,-14.916441,-39.731889
432,1014-VB-S-0027,300.0,20.0,70.0,15.0,3.0,1.0,1500.0,100.0,2,-14.865429999999998,-39.758495
433,1014-VB-S-0028,700.0,20.0,70.0,20.0,3.0,0.5,700.0,100.0,0,-14.860906,-39.759408
434,1014-VB-S-0029,1500.0,20.0,50.0,10.0,3.0,0.7,700.0,150.0,3,-14.849734,-39.758382
435,1014-VB-S-0031,1500.0,20.0,100.0,5.0,3.0,0.7,500.0,70.0,3,-14.848235,-39.754152000000005
436,1014-VB-S-0033,700.0,20.0,100.0,15.0,3.0,0.5,1500.0,70.0,2,-14.998341,-39.614683
437,1014-VB-S-0035,700.0,20.0,100.0,10.0,3.0,0.5,1500.0,150.0,2,-14.972562,-39.628109
438,1014-VB-S-0037,500.0,20.0,100.0,20.0,3.0,0.5,3000.0,100.0,1,-14.961679,-39.575796999999994
439,1014-VB-S-0039,700.0,50.0,150.0,50.0,3.0,0.7,1500.0,100.0,2,-14.943624,-39.579899
440,1014-VB-S-0041,1000.0,30.0,100.0,15.0,3.0,0.5,1000.0,50.0,2,-14.979076000000001,-39.55271
441,1014-VB-S-0043,1000.0,30.0,100.0,20.0,3.0,0.5,3000.0,50.0,1,-14.964125,-39.537965
442,1014-VB-S-0045,700.0,15.0,50.0,20.0,3.0,0.2,1500.0,50.0,2,-14.968210000000001,-39.539389
443,1014-VB-S-0047,1000.0,30.0,100.0,15.0,3.0,0.3,1500.0,150.0,2,-14.951120000000001,-39.501221
444,1014-VB-S-0049,700.0,20.0,100.0,30.0,3.0,0.5,700.0,70.0,0,-14.945342000000002,-39.520379
445,1014-VB-S-0050,300.0,15.0,50.0,10.0,3.0,0.2,700.0,70.0,0,-14.946399,-39.531789
446,1014-VB-S-0051,700.0,15.0,100.0,7.0,3.0,0.3,2000.0,100.0,2,-14.870454,-39.586242
447,1014-VB-S-0052,700.0,15.0,50.0,10.0,3.0,0.2,1000.0,70.0,2,-14.876785,-39.594756
448,1014-VB-S-0053,300.0,30.0,100.0,10.0,3.0,0.2,1500.0,100.0,2,-14.932594,-39.67412
449,1014-VB-S-0055,300.0,20.0,150.0,30.0,3.0,0.3,1000.0,100.0,0,-14.845907999999998,-39.637603999999996
450,1014-VB-S-0057,700.0,30.0,200.0,50.0,5.0,0.2,1500.0,150.0,2,-14.844988,-39.643177
451,1014-VB-S-0058,1000.0,15.0,30.0,15.0,3.0,0.3,1000.0,50.0,2,-14.868317999999999,-39.631221000000004
452,1014-VB-S-0059,700.0,30.0,700.0,15.0,3.0,0.3,2000.0,70.0,2,-14.878894,-39.629036
453,1014-VB-S-0061,1000.0,20.0,70.0,15.0,3.0,0.3,2000.0,50.0,2,-14.899237,-39.641479
454,1014-VB-S-0063,500.0,30.0,150.0,20.0,3.0,0.3,1500.0,150.0,2,-14.873679000000001,-39.610172999999996
455,1014-VB-S-0065,300.0,30.0,300.0,20.0,3.0,0.3,700.0,100.0,0,-14.850506,-39.608805
456,1014-VB-S-0066,300.0,30.0,300.0,30.0,3.0,0.3,1000.0,150.0,0,-14.804613,-39.599859
457,1014-VB-S-0068,700.0,30.0,200.0,15.0,3.0,0.3,700.0,150.0,0,-14.835322,-39.534411
458,1014-VB-S-0070,700.0,30.0,150.0,15.0,3.0,0.3,500.0,100.0,0,-14.789266,-39.511069
459,1014-VB-S-0072,200.0,30.0,70.0,10.0,3.0,0.2,500.0,100.0,0,-14.857673000000002,-39.590878000000004
460,1014-VR-S-0001,500.0,20.0,30.0,30.0,3.0,0.3,700.0,50.0,0,-14.534614000000001,-39.736008
461,1014-VR-S-0002,700.0,15.0,50.0,50.0,2.0,0.3,700.0,50.0,0,-14.540038000000001,-39.736026
462,1014-VR-S-0003,1000.0,30.0,100.0,70.0,3.0,1.0,700.0,70.0,0,-14.547634,-39.73785
463,1014-VR-S-0005,500.0,15.0,50.0,100.0,3.0,0.2,1000.0,50.0,0,-14.564835,-39.756529
464,1014-VR-S-0007,700.0,15.0,50.0,50.0,3.0,0.7,1000.0,50.0,2,-14.572853,-39.756391
465,1014-VR-S-0009,700.0,20.0,70.0,15.0,3.0,0.7,1000.0,70.0,2,-14.577941000000001,-39.757502
466,1014-VR-S-0011,700.0,15.0,300.0,20.0,2.0,0.7,1000.0,30.0,2,-14.58247,-39.754732000000004
467,1014-VR-S-0013,700.0,15.0,300.0,20.0,2.0,1.0,1000.0,30.0,2,-14.600992999999999,-39.758045
468,1014-VR-S-0015,1000.0,15.0,300.0,20.0,2.0,1.0,1000.0,50.0,2,-14.609582000000001,-39.758074
469,1014-VR-S-0017,1500.0,30.0,100.0,70.0,3.0,1.5,2000.0,50.0,2,-14.608685000000001,-39.75575
470,1014-VR-S-0019,700.0,20.0,200.0,50.0,3.0,1.0,700.0,50.0,0,-14.623739000000002,-39.770353
471,1014-VR-S-0020,700.0,20.0,50.0,30.0,2.0,1.5,1500.0,50.0,2,-14.624042000000001,-39.759516
472,1014-VR-S-0021,700.0,20.0,50.0,30.0,3.0,1.0,1500.0,50.0,2,-14.634885,-39.761410999999995
473,1014-VR-S-0022,700.0,20.0,70.0,30.0,3.0,1.0,700.0,50.0,0,-14.633991,-39.758158
474,1014-VR-S-0023,1000.0,20.0,50.0,30.0,3.0,0.5,700.0,50.0,0,-14.503504000000001,-39.740982
475,1014-VR-S-0025,1500.0,15.0,100.0,15.0,1.5,0.7,700.0,30.0,3,-14.519648000000002,-39.751271
476,1014-VR-S-0026,3000.0,20.0,70.0,20.0,2.0,0.7,700.0,50.0,3,-14.523948999999998,-39.74974
477,1014-VR-S-0027,700.0,15.0,70.0,15.0,3.0,0.7,1000.0,50.0,2,-14.553042000000001,-39.806975
478,1015-ER-S-0001,500.0,30.0,300.0,7.0,3.0,0.15,1500.0,100.0,2,-14.620505925,-39.343548075
479,1015-ER-S-0003,700.0,30.0,300.0,7.0,3.0,0.2,1000.0,70.0,2,-14.611468767,-39.340748651
480,1015-ER-S-0004,500.0,30.0,200.0,7.0,2.0,0.15,1500.0,100.0,2,-14.609655063,-39.344459669
481,1015-ER-S-0006,200.0,50.0,300.0,5.0,3.0,0.1,1500.0,100.0,2,-14.631783652,-39.359350881
482,1015-ER-S-0008,150.0,50.0,300.0,5.0,3.0,0.1,700.0,150.0,0,-14.62732443,-39.356910117
483,1015-ER-S-0010,500.0,30.0,300.0,5.0,3.0,0.5,1000.0,100.0,0,-14.646794235,-39.345991234
484,1015-ER-S-0014,150.0,50.0,500.0,7.0,2.0,0.1,500.0,150.0,0,-14.573974988,-39.362206921
485,1015-ER-S-0016,150.0,30.0,500.0,5.0,3.0,0.15,700.0,100.0,0,-14.559611851,-39.372502488
486,1015-ER-S-0018,500.0,50.0,700.0,20.0,3.0,0.3,1500.0,150.0,2,-14.560330834,-39.376407451
487,1015-ER-S-0019,500.0,50.0,500.0,7.0,3.0,0.1,2000.0,150.0,2,-14.553861136,-39.399910147
488,1015-ER-S-0020,100.0,50.0,500.0,5.0,3.0,0.07,500.0,150.0,0,-14.536386937,-39.366621377
489,1015-ER-S-0022,500.0,30.0,300.0,7.0,3.0,0.15,700.0,100.0,0,-14.587312186,-39.361433062
490,1015-ER-S-0024,500.0,30.0,300.0,5.0,3.0,0.15,500.0,150.0,0,-14.588377102,-39.364850542
491,1015-ER-S-0025,200.0,50.0,300.0,5.0,5.0,0.1,1500.0,100.0,2,-14.609621093,-39.366742459
492,1015-ER-S-0027,300.0,30.0,500.0,7.0,3.0,0.15,1000.0,100.0,0,-14.670367501,-39.391414148
493,1015-ER-S-0028,150.0,50.0,300.0,7.0,5.0,0.07,500.0,100.0,0,-14.661795204,-39.410927977
494,1015-ER-S-0030,150.0,50.0,300.0,7.0,3.0,0.07,1500.0,150.0,2,-14.68684693,-39.412380785
495,1015-ER-S-0032,150.0,50.0,500.0,7.0,3.0,0.07,500.0,150.0,0,-14.681755339,-39.437709196
496,1015-ER-S-0033,300.0,50.0,300.0,10.0,2.0,0.1,500.0,100.0,0,-14.666448416,-39.436643053
497,1015-ER-S-0035,200.0,30.0,200.0,10.0,3.0,0.07,500.0,150.0,0,-14.675997587,-39.411860769
498,1015-ER-S-0037,500.0,50.0,700.0,7.0,3.0,0.1,500.0,150.0,0,-14.699912348,-39.436554751
499,1015-ER-S-0038,500.0,50.0,500.0,5.0,5.0,0.1,500.0,150.0,0,-14.702629899,-39.433773642
500,1015-ER-S-0039,500.0,30.0,300.0,5.0,2.0,0.1,300.0,100.0,0,-14.729739059,-39.441258814
501,1015-ER-S-0040,700.0,30.0,300.0,7.0,3.0,0.07,300.0,100.0,0,-14.731549037,-39.440333498
502,1015-ER-S-0043,70.0,20.0,200.0,7.0,3.0,0.07,500.0,150.0,0,-14.671331356,-39.487576573
503,1015-ER-S-0045,50.0,20.0,300.0,5.0,3.0,0.07,300.0,150.0,0,-14.666814726,-39.485709217
504,1015-ER-S-0045R,50.0,30.0,300.0,7.0,3.0,0.07,300.0,150.0,0,-14.665006518,-39.485705231
505,1015-ER-S-0046,150.0,30.0,200.0,7.0,2.0,0.05,300.0,150.0,0,-14.651875452,-39.495891065
506,1015-ER-S-0046R,150.0,30.0,300.0,7.0,3.0,0.07,500.0,200.0,0,-14.650067244,-39.495887
507,1015-ER-S-0049,500.0,20.0,300.0,5.0,2.0,0.1,200.0,100.0,0,-14.599044612,-39.466992283
508,1015-ER-S-0050,150.0,20.0,150.0,5.0,3.0,0.1,200.0,150.0,0,-14.566094926,-39.440931595
509,1015-ER-S-0050R,150.0,20.0,150.0,5.0,3.0,0.07,300.0,100.0,0,-14.564286691,-39.440928002
510,1015-ER-S-0052,200.0,30.0,300.0,5.0,2.0,0.1,300.0,150.0,0,-14.535281756,-39.460253251
511,1015-ER-S-0053,700.0,50.0,500.0,10.0,3.0,0.1,700.0,100.0,0,-14.52807162,-39.466842964
512,1015-ER-S-0054,150.0,50.0,100.0,7.0,3.0,0.1,500.0,150.0,0,-14.539791251,-39.483574212
513,1015-ER-S-0056,500.0,30.0,500.0,7.0,2.0,0.07,300.0,150.0,0,-14.535981527,-39.473427365
514,1015-ER-S-0058,500.0,70.0,200.0,10.0,3.0,0.1,500.0,150.0,0,-14.525333041,-39.479830436
515,1015-ER-S-0059,500.0,30.0,200.0,10.0,2.0,0.1,300.0,150.0,0,-14.527137466,-39.481690514
516,1015-ER-S-0061,200.0,30.0,300.0,7.0,1.5,0.15,300.0,100.0,0,-14.557510865,-39.475414161
517,1015-ER-S-0063,300.0,30.0,300.0,5.0,2.0,0.07,300.0,150.0,0,-14.697614555,-39.456055267
518,1015-ER-S-0065,200.0,30.0,300.0,15.0,10.0,0.15,500.0,70.0,0,-14.596401449,-39.470323503
519,1015-ER-S-0067,300.0,20.0,300.0,10.0,2.0,0.15,300.0,70.0,0,-14.717131425,-39.463978788
520,1015-ER-S-0069,500.0,20.0,300.0,15.0,3.0,0.15,300.0,70.0,0,-14.712957442,-39.469555825
521,1015-ER-S-0070,500.0,30.0,500.0,20.0,5.0,0.15,200.0,70.0,0,-14.719748509,-39.464461376
522,1015-ER-S-0071,300.0,30.0,500.0,30.0,7.0,0.2,200.0,70.0,0,-14.709662556,-39.487135417
523,1015-ER-S-0072,500.0,30.0,200.0,30.0,10.0,0.15,700.0,70.0,0,-14.709038962,-39.48903025
524,1015-ER-S-0073,1000.0,20.0,300.0,100.0,10.0,0.2,300.0,100.0,0,-14.708009018,-39.457470125
525,1015-ER-S-0074,300.0,20.0,300.0,15.0,2.0,0.15,300.0,50.0,0,-14.754052595,-39.489618386
526,1015-ER-S-0075,300.0,30.0,300.0,15.0,7.0,0.15,300.0,70.0,0,-14.755068351,-39.487565984
527,1015-ER-S-0076,1500.0,30.0,500.0,30.0,10.0,0.2,500.0,70.0,3,-14.770571142,-39.486866905
528,1015-ER-S-0077,2000.0,30.0,500.0,70.0,7.0,0.3,700.0,70.0,3,-14.760403661,-39.478948232
529,1015-ER-S-0077R,3000.0,30.0,500.0,70.0,5.0,0.3,500.0,70.0,3,-14.759951612,-39.478947242
530,1015-ER-S-0078,300.0,30.0,300.0,30.0,5.0,0.1,300.0,70.0,0,-14.730583653,-39.471451444
531,1015-ER-S-0080,500.0,30.0,500.0,30.0,3.0,0.15,300.0,70.0,0,-14.732379479,-39.477493527
532,1015-ER-S-0081,1000.0,30.0,300.0,30.0,5.0,0.15,500.0,70.0,0,-14.732387114,-39.473777715
533,1015-ER-S-0082,1000.0,30.0,500.0,70.0,5.0,0.15,300.0,70.0,0,-14.750010856,-39.4712429
534,1015-ER-S-0084,200.0,30.0,300.0,50.0,7.0,0.2,500.0,70.0,0,-14.640367951,-39.44505717
535,1015-ER-S-0084R,1000.0,30.0,500.0,30.0,7.0,0.3,500.0,70.0,0,-14.640367951,-39.44505717
536,1015-ER-S-0085,1000.0,50.0,300.0,30.0,7.0,0.2,500.0,100.0,0,-14.637980802,-39.436432022
537,1015-ER-S-0086,500.0,30.0,300.0,20.0,7.0,0.3,300.0,100.0,0,-14.615933468,-39.434739837
538,1015-ER-S-0088,150.0,30.0,200.0,20.0,7.0,0.07,300.0,100.0,0,-14.592793097,-39.426594913
539,1015-ER-S-0089,300.0,30.0,200.0,30.0,7.0,0.15,300.0,100.0,0,-14.590533651,-39.426126379
540,1015-ER-S-0090,500.0,20.0,150.0,30.0,5.0,0.15,300.0,70.0,0,-14.608389253,-39.425689609
541,1015-ER-S-0091,300.0,30.0,300.0,50.0,7.0,0.15,500.0,100.0,0,-14.595565688,-39.391869196
542,1015-ER-S-0091R,700.0,50.0,300.0,70.0,10.0,0.2,700.0,100.0,0,-14.595113627,-39.391868395
543,1015-ER-S-0092,500.0,30.0,200.0,50.0,15.0,0.3,500.0,70.0,0,-14.597803042,-39.394346476
544,1015-ER-S-0094,700.0,30.0,200.0,50.0,7.0,0.5,1000.0,50.0,2,-14.593829434,-39.346756006
545,1015-ER-S-0095,700.0,30.0,70.0,30.0,5.0,0.15,300.0,30.0,0,-14.586147796,-39.344423096
546,1015-ER-S-0097,150.0,15.0,70.0,20.0,2.0,0.07,500.0,50.0,0,-14.880960653,-39.032579493
547,1015-ER-S-0098,70.0,10.0,70.0,10.0,1.5,0.05,300.0,70.0,0,-14.884516671,-39.050158962
548,1015-ER-S-0099,150.0,20.0,100.0,20.0,5.0,0.07,300.0,100.0,0,-14.885569904,-39.042771322
549,1015-ER-S-0100,150.0,15.0,50.0,20.0,5.0,0.15,300.0,70.0,0,-14.949801725,-39.483550203
550,1015-ER-S-0101,30.0,15.0,70.0,30.0,5.0,0.03,200.0,100.0,0,-14.950764965,-39.016738524
551,1015-ER-S-0103,200.0,20.0,100.0,30.0,15.0,0.1,300.0,150.0,0,-14.944385071,-39.479818628
552,1015-ER-S-0105,70.0,7.0,50.0,7.0,1.0,0.03,300.0,50.0,0,-14.964779133,-39.009764773
553,1015-ER-S-0105R,70.0,10.0,70.0,20.0,1.0,0.03,300.0,50.0,0,-14.964327077,-39.009764753
554,1015-ER-S-0107,70.0,7.0,50.0,30.0,1.0,0.03,500.0,30.0,0,-14.968586015,-39.008047717
555,1015-ER-S-0109,70.0,10.0,70.0,70.0,1.0,0.03,700.0,100.0,0,-14.990546534,-39.001860179
556,1015-ER-S-0110,30.0,5.0,70.0,10.0,1.0,0.03,700.0,30.0,0,-14.990998387,-39.009765961
557,1015-ER-S-0110R,50.0,15.0,70.0,7.0,2.0,0.03,500.0,100.0,0,-14.99051064,-39.009444713
558,1015-ER-S-0111,30.0,7.0,50.0,10.0,0.7,0.02,300.0,30.0,0,-14.992806726,-39.006510696
559,1015-ER-S-0113,50.0,5.0,30.0,7.0,0.5,0.02,500.0,30.0,0,-14.968844508,-39.039059827
560,1015-ER-S-0115,100.0,15.0,30.0,20.0,1.5,0.05,500.0,70.0,0,-14.970937062,-39.046379195
561,1015-ER-S-0116,30.0,10.0,50.0,15.0,0.7,0.3,300.0,70.0,0,-14.966130775,-39.046499207
562,1015-ER-S-0117,30.0,10.0,50.0,10.0,0.7,0.3,300.0,50.0,0,-14.967942458,-39.023501646
563,1015-ER-S-0118,50.0,10.0,50.0,10.0,0.7,0.3,500.0,50.0,0,-14.970047974,-39.023492014
564,1015-EW-S-0001,1000.0,20.0,30.0,10.0,2.0,0.3,1000.0,50.0,2,-14.63507071,-39.268357145
565,1015-EW-S-0003,500.0,30.0,70.0,10.0,3.0,0.2,1000.0,70.0,0,-14.58485305,-39.299860249
566,1015-EW-S-0004,700.0,15.0,70.0,10.0,1.5,0.1,300.0,70.0,0,-14.589665086,-39.293607689
567,1015-EW-S-0005,500.0,30.0,100.0,10.0,3.0,0.1,500.0,70.0,0,-14.591423736,-39.28728871
568,1015-EW-S-0009,200.0,30.0,70.0,5.0,3.0,0.15,500.0,70.0,0,-14.554545763,-39.314206773
569,1015-EW-S-0010,300.0,20.0,100.0,20.0,3.0,0.2,300.0,70.0,0,-14.539207205,-39.289588807
570,1015-EW-S-0011,300.0,30.0,100.0,7.0,3.0,0.1,700.0,70.0,0,-14.606588999,-39.269715234
571,1015-EW-S-0013,700.0,30.0,150.0,10.0,3.0,0.5,700.0,100.0,0,-14.687823009,-39.36965884
572,1015-EW-S-0015,300.0,30.0,150.0,5.0,3.0,0.2,700.0,70.0,0,-14.710438348,-39.361801435
573,1015-EW-S-0017,500.0,15.0,70.0,7.0,1.5,0.2,500.0,70.0,0,-14.737538809,-39.376245474
574,1015-EW-S-0019,500.0,30.0,150.0,10.0,3.0,0.3,700.0,70.0,0,-14.742056336,-39.378111246
575,1015-EW-S-0021,500.0,30.0,150.0,7.0,3.0,0.3,700.0,70.0,0,-14.737553726,-39.3669556
576,1015-EW-S-0023,300.0,20.0,150.0,5.0,2.0,0.1,1000.0,70.0,0,-14.742094551,-39.354302081
577,1015-EW-S-0023R,300.0,30.0,150.0,7.0,3.0,0.2,1500.0,70.0,2,-14.743438825,-39.3546255
578,1015-EW-S-0024,200.0,30.0,150.0,5.0,3.0,0.07,1500.0,100.0,2,-14.767399642,-39.360501801
579,1015-EW-S-0025,700.0,20.0,100.0,7.0,2.0,0.2,700.0,70.0,0,-14.715863762,-39.361345925
580,1015-EW-S-0026,700.0,30.0,150.0,10.0,3.0,0.2,700.0,100.0,0,-14.752430397,-39.392064931
581,1015-EW-S-0027,700.0,20.0,100.0,15.0,3.0,0.3,500.0,100.0,0,-14.758689459,-39.394085075
582,1015-EW-S-0028,1000.0,30.0,100.0,10.0,3.0,0.3,1500.0,100.0,2,-14.718058312,-39.401292515
583,1015-EW-S-0028R,2000.0,50.0,300.0,10.0,3.0,2.0,2000.0,70.0,3,-14.718061523,-39.399434712
584,1015-EW-S-0029,1000.0,30.0,100.0,7.0,3.0,0.5,2000.0,50.0,2,-14.711246168,-39.304842713
585,1015-EW-S-0034,1500.0,15.0,50.0,10.0,3.0,0.3,5000.0,10.0,1,-14.692454728,-39.282052319
586,1015-EW-S-0035,1500.0,30.0,150.0,5.0,3.0,0.3,5000.0,70.0,1,-14.770590912,-39.342853554
587,1015-EW-S-0037,700.0,30.0,70.0,7.0,3.0,0.3,2000.0,70.0,2,-14.787745015,-39.35867695
588,1015-EW-S-0038,300.0,30.0,70.0,5.0,3.0,0.7,1500.0,50.0,2,-14.744625624,-39.328885166
589,1015-EW-S-0039,700.0,30.0,200.0,70.0,5.0,1.5,700.0,70.0,0,-14.772464629,-39.29547022
590,1015-EW-S-0041,500.0,30.0,100.0,5.0,5.0,0.2,5000.0,70.0,1,-14.767061276,-39.278274161
591,1015-EW-S-0042,700.0,30.0,150.0,10.0,3.0,0.3,500.0,70.0,0,-14.787576368,-39.454384162
592,1015-EW-S-0043,1000.0,30.0,70.0,7.0,3.0,0.07,300.0,70.0,0,-14.782517128,-39.437673457
593,1015-EW-S-0044,700.0,30.0,100.0,5.0,5.0,0.15,1000.0,100.0,2,-14.780377655,-39.436715069
594,1015-EW-S-0046,700.0,30.0,150.0,15.0,5.0,0.5,500.0,100.0,0,-14.784008009,-39.429288877
595,1015-EW-S-0047,150.0,30.0,150.0,5.0,2.0,0.03,200.0,150.0,0,-14.807356517,-39.4854322
596,1015-EW-S-0048,2000.0,20.0,150.0,7.0,2.0,0.2,500.0,70.0,3,-14.811353398,-39.484321161
597,1015-EW-S-0049,700.0,30.0,200.0,7.0,7.0,0.1,1000.0,150.0,2,-14.805601669,-39.482299758
598,1015-EW-S-0051,1000.0,30.0,200.0,5.0,3.0,0.3,700.0,100.0,0,-14.802552403,-39.423749777
599,1015-EW-S-0053,1000.0,50.0,150.0,5.0,5.0,0.07,700.0,100.0,0,-14.800272091,-39.421952158
600,1015-EW-S-0055,1500.0,50.0,500.0,7.0,5.0,0.1,700.0,100.0,3,-14.802479211,-39.461849238
601,1015-EW-S-0056,2000.0,30.0,300.0,15.0,7.0,0.15,700.0,100.0,3,-14.811097454,-39.446998782
602,1015-EW-S-0057,3000.0,100.0,200.0,30.0,10.0,0.3,1000.0,100.0,3,-14.811902304,-39.431338884
603,1015-EW-S-0058,2000.0,30.0,300.0,30.0,7.0,0.15,300.0,150.0,3,-14.810971111,-39.432892274
604,1015-EW-S-0059,1000.0,50.0,300.0,15.0,10.0,0.2,500.0,150.0,0,-14.806683089,-39.388445146
605,1015-EW-S-0061,150.0,50.0,300.0,10.0,10.0,0.3,500.0,150.0,0,-14.802083137,-39.384291752
606,1015-EW-S-0063,1500.0,30.0,200.0,70.0,7.0,0.3,500.0,100.0,3,-14.836479754,-39.410804065
607,1015-EW-S-0064,700.0,30.0,300.0,7.0,7.0,0.5,500.0,150.0,0,-14.869856229,-39.473287867
608,1015-EW-S-0065,1500.0,30.0,200.0,20.0,3.0,0.3,700.0,150.0,3,-14.872483904,-39.470817248
609,1015-EW-S-0066,500.0,30.0,150.0,20.0,5.0,0.3,300.0,150.0,0,-14.875250401,-39.483728663
610,1015-EW-S-0067,700.0,30.0,300.0,30.0,5.0,0.7,500.0,150.0,0,-14.879721345,-39.489900764
611,1015-EW-S-0069,700.0,30.0,300.0,30.0,7.0,0.5,1000.0,150.0,2,-14.875198924,-39.490820119
612,1015-EW-S-0071,700.0,20.0,300.0,30.0,7.0,0.5,700.0,70.0,0,-14.881392366,-39.4765906
613,1015-EW-S-0073,500.0,30.0,300.0,30.0,15.0,0.3,1000.0,150.0,0,-14.887338183,-39.458501601
614,1015-EW-S-0075,500.0,20.0,200.0,15.0,5.0,0.15,500.0,150.0,0,-14.882086519,-39.453507446
615,1015-EW-S-0075R,700.0,20.0,300.0,50.0,5.0,0.15,300.0,100.0,0,-14.880730382,-39.453504617
616,1015-EW-S-0076,1000.0,30.0,300.0,50.0,5.0,0.3,300.0,150.0,0,-14.849011644,-39.475889724
617,1015-EW-S-0077,3000.0,30.0,700.0,70.0,7.0,1.0,300.0,70.0,3,-14.849458866,-39.47821434
618,1015-EW-S-0078,700.0,30.0,70.0,10.0,7.0,0.2,700.0,70.0,0,-14.878553027,-39.474345774
619,1015-EW-S-0079,1500.0,30.0,100.0,30.0,5.0,0.3,500.0,70.0,3,-14.878852378,-39.473166354
620,1015-EW-S-0080,2000.0,20.0,70.0,30.0,3.0,0.7,2000.0,50.0,3,-14.84647608,-39.3810805
621,1015-EW-S-0081,30.0,20.0,300.0,30.0,7.0,0.03,300.0,70.0,0,-14.858092161,-39.45639024
622,1015-EW-S-0082,2000.0,50.0,300.0,70.0,7.0,0.5,500.0,100.0,3,-14.856446837,-39.459173399
623,1015-EW-S-0083,3000.0,50.0,500.0,70.0,7.0,0.3,300.0,150.0,3,-14.846878692,-39.46062936
624,1015-EW-S-0084,5000.0,30.0,300.0,30.0,5.0,0.15,500.0,150.0,3,-14.889052272,-39.459944926
625,1015-EW-S-0085,700.0,30.0,150.0,20.0,5.0,0.15,700.0,70.0,0,-14.897989916,-39.43547238
626,1015-EW-S-0088,1500.0,20.0,300.0,20.0,3.0,0.15,500.0,70.0,3,-14.924915589,-39.494651852
627,1015-EW-S-0089,700.0,30.0,300.0,20.0,3.0,0.15,700.0,150.0,0,-14.924005459,-39.497439089
628,1015-EW-S-0091,1500.0,50.0,300.0,20.0,3.0,0.3,500.0,70.0,3,-14.93892886,-39.494683914
629,1015-EW-S-0092,1000.0,30.0,500.0,20.0,7.0,0.15,500.0,70.0,0,-14.899347473,-39.468286111
630,1015-EW-S-0093,2000.0,20.0,100.0,15.0,3.0,0.15,300.0,70.0,3,-14.905083336,-39.467180591
631,1015-EW-S-0094,700.0,20.0,100.0,7.0,3.0,0.2,300.0,100.0,0,-14.93586317,-39.446790835
632,1015-EW-S-0095,700.0,20.0,300.0,15.0,5.0,0.2,500.0,100.0,0,-14.933616944,-39.444105633
633,1015-EW-S-0097,700.0,20.0,150.0,20.0,3.0,0.15,500.0,50.0,0,-14.917787726,-39.443499366
634,1015-EW-S-0099,700.0,30.0,150.0,30.0,3.0,0.3,700.0,100.0,0,-14.955688148,-39.45840493
635,1015-EW-S-0101,2000.0,30.0,500.0,30.0,10.0,0.3,1000.0,100.0,3,-14.940821913,-39.453774963
636,1015-EW-S-0102,1000.0,20.0,200.0,50.0,5.0,0.3,500.0,70.0,0,-14.945922879,-39.453542703
637,1015-EW-S-0103,3000.0,20.0,200.0,30.0,7.0,0.3,700.0,70.0,3,-14.94201286,-39.469651896
638,1015-EW-S-0105,5000.0,20.0,300.0,30.0,7.0,0.3,500.0,70.0,3,-14.941579841,-39.464906496
639,1015-EW-S-0107,3000.0,30.0,200.0,30.0,5.0,0.3,700.0,100.0,3,-14.954101976,-39.480699243
640,1015-EW-S-0108,3000.0,15.0,150.0,7.0,3.0,0.15,500.0,70.0,3,-14.958408074,-39.475200179
641,1015-EW-S-0109,1500.0,30.0,300.0,20.0,7.0,0.3,500.0,70.0,3,-14.96293235,-39.473350258
642,1015-EW-S-0110,700.0,30.0,300.0,70.0,5.0,0.15,500.0,100.0,0,-14.983028756,-39.462821013
643,1015-EW-S-0111,1000.0,30.0,300.0,30.0,7.0,0.7,1000.0,70.0,2,-14.981939077,-39.463161712
644,1015-EW-S-0112,1500.0,30.0,200.0,30.0,7.0,0.2,700.0,100.0,3,-14.970154078,-39.461157541
645,1015-EW-S-0113,700.0,30.0,300.0,70.0,10.0,0.5,300.0,70.0,0,-14.923182943,-39.458386811
646,1015-EW-S-0114,2000.0,15.0,150.0,15.0,3.0,0.15,1500.0,50.0,3,-14.888003277,-39.416479259
647,1015-EW-S-0115,2000.0,20.0,70.0,20.0,3.0,0.2,500.0,50.0,3,-14.890355865,-39.420856429
648,1015-EW-S-0117,500.0,30.0,300.0,30.0,3.0,0.15,300.0,50.0,0,-14.896175874,-39.406665299
649,1015-EW-S-0119,1000.0,30.0,200.0,30.0,5.0,0.15,700.0,50.0,0,-14.903873949,-39.388618864
650,1015-EW-S-0121,700.0,20.0,100.0,30.0,2.0,0.15,700.0,50.0,0,-14.898464942,-39.379312412
651,1015-FC-S-0033,1500.0,20.0,50.0,10.0,3.0,0.7,700.0,50.0,3,-14.879091157,-39.356354338
652,1015-FC-S-0035,1500.0,20.0,100.0,10.0,3.0,0.3,1500.0,50.0,3,-14.898081249,-39.350963128
653,1015-FC-S-0036,2000.0,20.0,70.0,7.0,3.0,0.5,300.0,50.0,3,-14.897164677,-39.352522656
654,1015-FC-S-0037,1500.0,15.0,70.0,7.0,3.0,0.5,200.0,50.0,3,-14.847935141,-39.329664537
655,1015-FC-S-0038,1500.0,15.0,30.0,5.0,3.0,0.3,700.0,50.0,3,-14.843715967,-39.350964851
656,1015-FC-S-0039,2000.0,20.0,50.0,5.0,3.0,0.3,700.0,70.0,3,-14.884524912,-39.331877519
657,1015-FC-S-0043,700.0,20.0,70.0,7.0,3.0,0.7,1500.0,100.0,2,-14.888149334,-39.326305252
658,1015-FC-S-0045,300.0,15.0,100.0,15.0,3.0,0.3,1500.0,200.0,2,-14.903162143,-39.319078109
659,1015-FC-S-0046,500.0,15.0,70.0,10.0,3.0,0.2,1500.0,150.0,2,-14.90352828,-39.31982049
660,1015-FC-S-0047,1500.0,30.0,70.0,15.0,3.0,0.7,1500.0,100.0,3,-14.838420829,-39.328089416
661,1015-FC-S-0051,300.0,10.0,50.0,5.0,3.0,0.15,700.0,150.0,0,-14.975021035,-39.322333505
662,1015-FC-S-0052,300.0,7.0,20.0,10.0,2.0,0.15,3000.0,150.0,1,-14.971329306,-39.324570807
663,1015-FC-S-0053,700.0,20.0,30.0,15.0,3.0,0.2,1500.0,100.0,2,-14.977636327,-39.339460627
664,1015-FC-S-0054,1500.0,20.0,30.0,15.0,3.0,0.5,300.0,100.0,3,-14.974019942,-39.339454932
665,1015-FC-S-0055,1000.0,15.0,30.0,15.0,3.0,0.3,700.0,100.0,0,-14.955554561,-39.327924742
666,1015-FC-S-0056,700.0,10.0,30.0,10.0,3.0,0.15,700.0,100.0,0,-14.960629167,-39.330405408
667,1015-FC-S-0057,500.0,15.0,50.0,7.0,3.0,0.15,1500.0,150.0,2,-14.948904661,-39.308143722
668,1015-FC-S-0059,300.0,15.0,150.0,15.0,3.0,0.3,1000.0,150.0,0,-14.897552034,-39.296712059
669,1015-FC-S-0061,700.0,10.0,30.0,10.0,2.0,0.2,1000.0,70.0,2,-14.822977068,-39.303665044
670,1015-FC-S-0063,700.0,15.0,70.0,15.0,3.0,0.5,1000.0,100.0,2,-14.832131348,-39.299268624
671,1015-FC-S-0065,500.0,15.0,30.0,15.0,3.0,0.15,200.0,100.0,0,-14.83812579,-39.301229917
672,1015-FC-S-0066,1500.0,15.0,50.0,15.0,3.0,0.3,700.0,100.0,3,-14.847878297,-39.302708705
673,1015-FC-S-0067,700.0,15.0,50.0,15.0,3.0,0.3,700.0,70.0,0,-14.865515961,-39.312509763
674,1015-FC-S-0069,1000.0,20.0,70.0,7.0,3.0,0.5,1500.0,150.0,2,-14.874367946,-39.313508735
675,1015-FC-S-0070,700.0,15.0,50.0,70.0,3.0,0.3,1000.0,150.0,2,-14.871684553,-39.310927411
676,1015-FC-S-0071,700.0,20.0,100.0,10.0,3.0,0.5,3000.0,150.0,1,-14.873076361,-39.310465994
677,1015-FC-S-0073,1000.0,20.0,100.0,15.0,3.0,0.7,1500.0,100.0,2,-14.878574042,-39.317138465
678,1015-FC-S-0074,700.0,30.0,100.0,15.0,3.0,0.3,1000.0,150.0,2,-14.879132725,-39.30862933
679,1015-FC-S-0075,1500.0,15.0,70.0,15.0,3.0,0.7,700.0,70.0,3,-14.79354601,-39.294866543
680,1015-FC-S-0077,1000.0,30.0,150.0,15.0,3.0,0.7,2000.0,70.0,2,-14.825125942,-39.316189509
681,1015-FC-S-0078,700.0,15.0,100.0,10.0,3.0,0.7,2000.0,50.0,2,-14.818397323,-39.317978201
682,1015-FC-S-0079,1500.0,30.0,100.0,7.0,3.0,0.5,3000.0,50.0,1,-14.814182536,-39.317300591
683,1015-FC-S-0080,700.0,20.0,70.0,10.0,3.0,0.3,1500.0,50.0,2,-14.804938716,-39.306986854
684,1015-FC-S-0081,300.0,15.0,70.0,10.0,3.0,0.15,700.0,50.0,0,-14.799114362,-39.319680757
685,1015-FC-S-0081R,700.0,30.0,70.0,50.0,3.0,0.3,500.0,100.0,0,-14.799114362,-39.319680757
686,1015-FC-S-0084,1500.0,20.0,70.0,15.0,3.0,0.15,700.0,70.0,3,-14.778912172,-39.180261173
687,1015-FC-S-0087,1500.0,30.0,70.0,15.0,3.0,0.7,700.0,50.0,3,-14.780982891,-39.222790998
688,1015-FC-S-0089,1500.0,50.0,70.0,15.0,3.0,0.5,3000.0,50.0,1,-14.780678543,-39.227651064
689,1015-FC-S-0090,1500.0,30.0,30.0,10.0,3.0,0.5,1000.0,50.0,3,-14.764415076,-39.216484752
690,1015-FC-S-0091,3000.0,20.0,50.0,10.0,3.0,0.7,700.0,30.0,3,-14.756122655,-39.22959089
691,1015-FC-S-0093,70.0,15.0,70.0,20.0,3.0,0.05,500.0,150.0,0,-14.977758799,-39.24366837
692,1015-FC-S-0094,150.0,30.0,70.0,15.0,3.0,0.1,500.0,150.0,0,-14.96869376,-39.25320481
693,1015-FC-S-0095,150.0,70.0,70.0,50.0,7.0,0.03,700.0,100.0,0,-14.968697105,-39.24863624
694,1015-FC-S-0097,700.0,30.0,100.0,20.0,5.0,0.2,2000.0,200.0,2,-14.964172313,-39.265972242
695,1015-FC-S-0098,100.0,10.0,70.0,50.0,3.0,0.07,1000.0,200.0,0,-14.952435801,-39.251079107
696,1015-FC-S-0099,70.0,10.0,100.0,50.0,10.0,0.15,500.0,200.0,0,-14.949733516,-39.241776904
697,1015-FC-S-0101,1000.0,20.0,70.0,50.0,3.0,0.5,1500.0,150.0,2,-14.932545463,-39.251055992
698,1015-FC-S-0102,300.0,30.0,70.0,50.0,10.0,0.15,3000.0,200.0,1,-14.937626439,-39.252258647
699,1015-FC-S-0103,70.0,10.0,70.0,50.0,10.0,0.1,500.0,200.0,0,-14.952652964,-39.236868615
700,1015-FC-S-0105,300.0,70.0,100.0,30.0,3.0,0.5,5000.0,150.0,1,-14.950326135,-39.220259118
701,1015-FC-S-0106,70.0,7.0,50.0,15.0,3.0,0.1,700.0,150.0,0,-14.951564262,-39.219460997
702,1015-FC-S-0107,150.0,15.0,70.0,20.0,3.0,0.15,700.0,150.0,0,-14.940546098,-39.209530752
703,1015-FC-S-0108,150.0,15.0,50.0,10.0,3.0,0.2,700.0,100.0,0,-14.954294516,-39.199935289
704,1015-FC-S-0109,150.0,15.0,70.0,10.0,3.0,0.1,700.0,100.0,0,-14.955264024,-39.177678438
705,1015-FC-S-0111,70.0,15.0,70.0,10.0,3.0,0.07,500.0,150.0,0,-14.970544151,-39.225990282
706,1015-FC-S-0113,100.0,15.0,70.0,10.0,3.0,0.05,700.0,150.0,0,-14.974160574,-39.225994073
707,1015-FC-S-0115,150.0,7.0,15.0,10.0,2.0,0.07,700.0,70.0,0,-14.974178244,-39.207393829
708,1015-FC-S-0119,1500.0,30.0,200.0,70.0,3.0,0.3,1000.0,70.0,3,-14.50624648,-39.427000223
709,1015-FC-S-0119R,1500.0,70.0,300.0,70.0,5.0,0.3,700.0,150.0,3,-14.50624648,-39.427000223
710,1015-FC-S-0120,700.0,70.0,200.0,20.0,3.0,0.3,500.0,150.0,0,-14.839391065,-39.285926377
711,1015-FC-S-0121,700.0,50.0,200.0,20.0,5.0,0.5,1000.0,150.0,2,-14.839851355,-39.283972245
712,1015-FC-S-0123,1500.0,30.0,200.0,15.0,3.0,1.5,2000.0,50.0,2,-14.839944218,-39.275677859
713,1015-FC-S-0124,700.0,20.0,70.0,10.0,3.0,0.3,1500.0,70.0,2,-14.86742958,-39.268642048
714,1015-FC-S-0125,100.0,30.0,70.0,50.0,3.0,0.05,1500.0,150.0,2,-14.881922382,-39.244490016
715,1015-FC-S-0126,200.0,15.0,100.0,50.0,1.5,0.1,2000.0,100.0,2,-14.87844771,-39.243902202
716,1015-FC-S-0127,200.0,15.0,70.0,50.0,1.5,0.1,2000.0,50.0,2,-14.899986129,-39.261244837
717,1015-FC-S-0128,200.0,20.0,70.0,50.0,1.5,0.07,2000.0,100.0,2,-14.90179646,-39.259387622
718,1015-FC-S-0129,1500.0,20.0,70.0,30.0,1.5,1.0,2000.0,30.0,2,-14.804961641,-39.224841069
719,1015-FC-S-0131,1500.0,30.0,50.0,50.0,2.0,1.0,2000.0,30.0,2,-14.824979447,-39.228626664
720,1015-FC-S-0133,1500.0,20.0,30.0,70.0,1.5,0.5,1000.0,50.0,3,-14.825858294,-39.252791347
721,1015-FC-S-0135,1000.0,20.0,70.0,100.0,2.0,0.7,1500.0,30.0,2,-14.838527892,-39.241652908
722,1015-FC-S-0136,1000.0,20.0,30.0,30.0,2.0,1.5,2000.0,30.0,2,-14.840338068,-39.239796044
723,1015-FC-S-0137,100.0,30.0,50.0,20.0,3.0,0.1,1000.0,150.0,0,-14.884603512,-39.228460049
724,1015-FC-S-0138,150.0,30.0,30.0,30.0,3.0,0.05,1000.0,150.0,0,-14.889180664,-39.219397735
725,1015-FC-S-0139,200.0,7.0,50.0,30.0,1.0,0.05,1500.0,100.0,2,-14.892795327,-39.221260718
726,1015-FC-S-0140,150.0,30.0,70.0,50.0,3.0,0.1,500.0,200.0,0,-14.896169629,-39.215505505
727,1015-FC-S-0141,70.0,15.0,50.0,20.0,3.0,0.05,500.0,200.0,0,-14.898574751,-39.219096771
728,1015-FC-S-0142,200.0,20.0,30.0,30.0,3.0,0.2,1000.0,200.0,0,-14.843984472,-39.20912809
729,1015-FC-S-0143,700.0,20.0,50.0,50.0,3.0,0.2,1500.0,150.0,2,-14.844890273,-39.207270043
730,1015-FC-S-0145,300.0,30.0,70.0,15.0,3.0,0.3,1500.0,150.0,2,-14.84262551,-39.198771571
731,1015-FC-S-0147,300.0,50.0,70.0,50.0,10.0,0.5,5000.0,200.0,1,-14.842187705,-39.196114101
732,1015-FC-S-0149,30.0,7.0,70.0,20.0,3.0,0.1,500.0,150.0,0,-14.914594811,-39.052996453
733,1015-FC-S-0150,30.0,7.0,20.0,10.0,1.0,0.05,700.0,100.0,0,-14.927247665,-39.070666063
734,1015-FC-S-0150R,30.0,7.0,20.0,70.0,1.5,0.05,700.0,100.0,0,-14.927247665,-39.070666063
735,1015-FC-S-0151,30.0,7.0,15.0,15.0,0.7,0.05,500.0,70.0,0,-14.923634616,-39.058577473
736,1015-FC-S-0152,300.0,15.0,15.0,30.0,3.0,0.15,1000.0,150.0,0,-14.892051759,-39.158545281
737,1015-FC-S-0153,200.0,20.0,15.0,50.0,5.0,0.1,1000.0,150.0,0,-14.891510007,-39.1516073
738,1015-FC-S-0155,500.0,10.0,20.0,50.0,2.0,0.1,700.0,100.0,0,-14.885131423,-39.140431177
739,1015-FC-S-0157,150.0,10.0,20.0,15.0,2.0,0.1,1000.0,150.0,0,-14.877487418,-39.143158778
740,1015-FC-S-0158,500.0,10.0,20.0,50.0,2.0,0.1,1500.0,150.0,2,-14.87658095,-39.146876567
741,1015-FC-S-0159,200.0,15.0,50.0,100.0,3.0,0.15,2000.0,150.0,2,-14.880029737,-39.148404494
742,1015-FC-S-0160,70.0,15.0,50.0,50.0,3.0,0.05,1000.0,150.0,0,-14.881997596,-39.15896529
743,1015-FC-S-0161,70.0,15.0,30.0,50.0,3.0,0.05,1000.0,200.0,0,-14.874765305,-39.158030404
744,1015-FC-S-0163,500.0,15.0,50.0,20.0,3.0,0.2,1500.0,150.0,2,-14.917727921,-39.222658329
745,1015-FC-S-0165,50.0,30.0,50.0,20.0,5.0,0.1,1500.0,200.0,2,-14.913576937,-39.234298467
746,1015-FC-S-0166,100.0,20.0,70.0,20.0,5.0,0.15,700.0,150.0,0,-14.911773427,-39.229647797
747,1015-FC-S-0167,100.0,50.0,70.0,15.0,10.0,0.15,1000.0,300.0,0,-14.918114887,-39.216637725
748,1015-FC-S-0168,700.0,15.0,50.0,50.0,2.0,0.2,1000.0,70.0,2,-14.810411166,-39.150133491
749,1015-FC-S-0169,700.0,15.0,50.0,100.0,3.0,0.2,2000.0,100.0,2,-14.82775732,-39.148702365
750,1015-FC-S-0170,200.0,7.0,30.0,10.0,3.0,0.15,700.0,100.0,0,-14.892058047,-39.103383166
751,1015-FC-S-0171,50.0,7.0,20.0,10.0,2.0,0.15,700.0,100.0,0,-14.893914288,-39.101621543
752,1015-FC-S-0172,300.0,10.0,50.0,30.0,3.0,0.15,3000.0,100.0,1,-14.864847296,-39.111545841
753,1015-FC-S-0173,150.0,10.0,50.0,50.0,3.0,0.1,500.0,150.0,0,-14.851726565,-39.079771499
754,1015-FC-S-0175,150.0,15.0,50.0,50.0,7.0,0.1,500.0,300.0,0,-14.855405228,-39.104270825
755,1015-FC-S-0176,150.0,7.0,20.0,70.0,2.0,0.05,3000.0,100.0,1,-14.850524143,-39.111538416
756,1015-FC-S-0177,50.0,10.0,50.0,50.0,3.0,0.07,5000.0,150.0,1,-14.847454862,-39.111394258
757,1015-FC-S-0179,100.0,10.0,30.0,30.0,5.0,0.15,1500.0,150.0,2,-14.845756657,-39.08778547
758,1015-FC-S-0181,70.0,10.0,50.0,20.0,5.0,0.1,3000.0,150.0,1,-14.86754827,-39.132927082
759,1015-FC-S-0183,300.0,10.0,20.0,15.0,3.0,0.1,1000.0,150.0,0,-14.861225129,-39.122698365
760,1015-FC-S-0185,300.0,10.0,70.0,20.0,3.0,0.2,700.0,150.0,0,-14.882292484,-39.067695889
761,1015-FC-S-0186,70.0,5.0,50.0,15.0,3.0,0.1,700.0,150.0,0,-14.87755424,-39.077909491
762,1015-FC-S-0187,150.0,5.0,20.0,100.0,1.5,0.15,1500.0,50.0,2,-14.8956024,-39.074374457
763,1015-FC-S-0189,100.0,7.0,30.0,50.0,2.0,0.1,1500.0,150.0,2,-14.910973285,-39.071590495
764,1015-FC-S-0190,100.0,5.0,30.0,50.0,1.5,0.05,300.0,100.0,0,-14.919103761,-39.090188805
765,1015-FC-S-0191,30.0,5.0,50.0,5.0,2.0,0.05,1000.0,100.0,0,-14.92633812,-39.086472573
766,1015-FC-S-0191R,30.0,5.0,30.0,50.0,1.0,0.05,500.0,100.0,0,-14.92633812,-39.086472573
767,1015-FC-S-0193,30.0,5.0,30.0,100.0,1.0,0.05,700.0,100.0,0,-14.921044501,-39.092049135
768,1015-RH-S-0002,100.0,20.0,200.0,5.0,3.0,0.1,500.0,100.0,0,-14.592636437,-39.20981714
769,1015-RH-S-0003,150.0,15.0,200.0,10.0,2.0,0.05,700.0,100.0,0,-14.569119047,-39.220470238
770,1015-RH-S-0005,150.0,15.0,50.0,5.0,1.5,0.07,500.0,70.0,0,-14.593538476,-39.212138981
771,1015-RH-S-0006R,150.0,15.0,20.0,5.0,2.0,0.07,2000.0,50.0,2,-14.574561443,-39.200981032
772,1015-RH-S-0007,700.0,30.0,150.0,15.0,3.0,0.3,500.0,70.0,0,-14.606212136,-39.19404639
773,1015-RH-S-0011,100.0,20.0,150.0,15.0,3.0,0.07,300.0,70.0,0,-14.602322181,-39.255254388
774,1015-RH-S-0012,200.0,30.0,100.0,10.0,3.0,0.05,500.0,100.0,0,-14.606589535,-39.269251012
775,1015-RH-S-0013,150.0,20.0,150.0,7.0,3.0,0.1,300.0,100.0,0,-14.570888851,-39.258068067
776,1015-RH-S-0014,300.0,30.0,150.0,5.0,2.0,0.15,300.0,100.0,0,-14.573089608,-39.264468355
777,1015-RH-S-0016,200.0,30.0,150.0,5.0,3.0,0.05,300.0,100.0,0,-14.586875475,-39.250146937
778,1015-RH-S-0018,300.0,15.0,100.0,10.0,2.0,0.1,300.0,70.0,0,-14.638642903,-39.243525733
779,1015-RH-S-0020,150.0,50.0,70.0,7.0,3.0,0.2,500.0,100.0,0,-14.649023047,-39.296951687
780,1015-RH-S-0021,100.0,10.0,100.0,5.0,2.0,0.2,300.0,100.0,0,-14.571869229,-39.175914362
781,1015-RH-S-0022,70.0,15.0,500.0,5.0,3.0,0.05,200.0,70.0,0,-14.570061646,-39.174984631
782,1015-RH-S-0024,20.0,10.0,70.0,5.0,1.5,0.05,200.0,70.0,0,-14.56282887,-39.174514793
783,1015-RH-S-0026,100.0,30.0,500.0,10.0,3.0,1.0,300.0,100.0,0,-14.556499538,-39.174973938
784,1015-RH-S-0027,150.0,15.0,50.0,20.0,1.5,0.07,200.0,70.0,0,-14.556049191,-39.172652985
785,1015-RH-S-0028,200.0,20.0,150.0,15.0,2.0,0.2,500.0,70.0,0,-14.605315536,-39.184761154
786,1015-RH-S-0029,150.0,30.0,100.0,7.0,3.0,0.1,300.0,70.0,0,-14.537505081,-39.184704678
787,1015-RH-S-0030,150.0,20.0,70.0,10.0,3.0,0.07,200.0,100.0,0,-14.53570531,-39.173565334
788,1015-RH-S-0031,300.0,20.0,300.0,10.0,3.0,0.7,300.0,100.0,0,-14.516709796,-39.184687417
789,1015-RH-S-0034,500.0,20.0,150.0,20.0,3.0,0.1,300.0,100.0,0,-14.502222033,-39.210195784
790,1015-RH-S-0035,700.0,20.0,200.0,15.0,3.0,0.15,500.0,100.0,0,-14.502422486,-39.198559935
791,1015-RH-S-0036,500.0,20.0,200.0,10.0,3.0,0.3,200.0,100.0,0,-14.501307221,-39.221795033
792,1015-RH-S-0037,50.0,15.0,200.0,7.0,3.0,0.05,200.0,100.0,0,-14.502845781,-39.230747658
793,1015-RH-S-0038,300.0,15.0,70.0,20.0,2.0,0.2,500.0,100.0,0,-14.613920774,-39.163413261
794,1015-RH-S-0038R,200.0,20.0,100.0,30.0,2.0,0.2,500.0,70.0,0,-14.613921423,-39.162484779
795,1015-RH-S-0042,70.0,15.0,100.0,7.0,2.0,0.07,1000.0,100.0,0,-14.594943507,-39.149009002
796,1015-RH-S-0043,50.0,5.0,70.0,7.0,0.7,0.03,150.0,50.0,0,-14.589975641,-39.141300007
797,1015-RH-S-0045,150.0,30.0,150.0,15.0,3.0,0.1,700.0,150.0,0,-14.584557004,-39.130434817
798,1015-RH-S-0048,50.0,20.0,200.0,30.0,3.0,0.1,500.0,150.0,0,-14.556523803,-39.138772519
799,1015-RH-S-0049,50.0,20.0,300.0,30.0,5.0,0.1,500.0,150.0,0,-14.552030382,-39.132331733
800,1015-RH-S-0051,70.0,20.0,200.0,20.0,3.0,0.15,500.0,100.0,0,-14.55200391,-39.137960327
801,1015-RH-S-0054,50.0,20.0,150.0,50.0,5.0,0.15,500.0,100.0,0,-14.533014965,-39.140814004
802,1015-RH-S-0057,70.0,15.0,70.0,30.0,3.0,0.07,300.0,150.0,0,-14.581114564,-39.116079268
803,1015-RH-S-0058,70.0,20.0,70.0,10.0,3.0,0.07,300.0,150.0,0,-14.568289113,-39.1178933
804,1015-RH-S-0061,20.0,30.0,200.0,30.0,5.0,0.07,500.0,150.0,0,-14.570100804,-39.110932011
805,1015-RH-S-0061R,30.0,30.0,300.0,30.0,5.0,0.07,500.0,150.0,0,-14.570552654,-39.111396389
806,1015-RH-S-0063,100.0,5.0,20.0,20.0,0.7,0.1,150.0,30.0,0,-14.612607178,-39.082634697
807,1015-RH-S-0063R,150.0,5.0,20.0,70.0,0.5,0.15,100.0,30.0,0,-14.612606847,-39.083563176
808,1015-RH-S-0065,150.0,7.0,20.0,50.0,0.3,0.1,150.0,20.0,0,-14.609311535,-39.059702993
809,1015-RH-S-0065R,150.0,5.0,20.0,50.0,0.7,0.15,150.0,30.0,0,-14.609901587,-39.060350454
810,1015-RH-S-0067,100.0,5.0,10.0,70.0,0.7,0.05,150.0,20.0,0,-14.586728351,-39.055345122
811,1015-RH-S-0069,150.0,5.0,10.0,7.0,0.3,0.07,70.0,20.0,0,-14.55746467,-39.045484197
812,1015-RH-S-0071,150.0,5.0,10.0,70.0,0.2,0.03,70.0,20.0,0,-14.511354657,-39.037122261
813,1015-RH-S-0074,30.0,15.0,100.0,20.0,3.0,0.05,500.0,150.0,0,-14.559707174,-39.102108375
814,1015-RH-S-0075,30.0,30.0,200.0,30.0,5.0,0.07,500.0,150.0,0,-14.560269767,-39.093635661
815,1015-RH-S-0076,50.0,20.0,70.0,10.0,5.0,0.05,500.0,150.0,0,-14.550214066,-39.101175792
816,1015-RH-S-0077,50.0,20.0,100.0,30.0,5.0,0.03,300.0,100.0,0,-14.546732239,-39.095608547
817,1015-RH-S-0078,30.0,20.0,100.0,10.0,5.0,0.07,500.0,150.0,0,-14.540271189,-39.094674034
818,1015-RH-S-0079,30.0,20.0,70.0,30.0,3.0,0.05,300.0,100.0,0,-14.537556437,-39.100241866
819,1015-RH-S-0080,30.0,20.0,100.0,15.0,3.0,0.03,500.0,150.0,0,-14.535075591,-39.086651468
820,1015-RH-S-0081,30.0,30.0,200.0,30.0,5.0,0.05,500.0,150.0,0,-14.533720356,-39.083664414
821,1015-RH-S-0082,50.0,20.0,100.0,30.0,3.0,0.05,300.0,150.0,0,-14.535755351,-39.081677908
822,1015-RH-S-0082R,30.0,20.0,100.0,30.0,5.0,0.03,500.0,150.0,0,-14.534851205,-39.081677576
823,1015-RH-S-0085,30.0,20.0,70.0,30.0,5.0,0.05,700.0,150.0,0,-14.550092501,-39.116993552
824,1015-RH-S-0087,50.0,20.0,70.0,30.0,5.0,0.05,500.0,150.0,0,-14.531218745,-39.118801767
825,1015-RH-S-0090,300.0,30.0,50.0,50.0,7.0,0.3,700.0,150.0,0,-14.729542386,-39.076876217
826,1015-RH-S-0091,200.0,15.0,70.0,30.0,5.0,0.1,300.0,100.0,0,-14.717487108,-39.082209581
827,1015-RH-S-0092,150.0,15.0,50.0,20.0,3.0,0.07,300.0,100.0,0,-14.718390405,-39.084532232
828,1015-RH-S-0093,150.0,15.0,50.0,30.0,1.5,0.07,200.0,100.0,0,-14.72110347,-39.082675404
829,1015-RH-S-0095,200.0,10.0,50.0,70.0,0.7,0.1,150.0,30.0,0,-14.662232879,-39.12495584
830,1015-RH-S-0095R,200.0,7.0,30.0,50.0,0.7,0.07,150.0,30.0,0,-14.660507889,-39.124443234
831,1015-RH-S-0097,300.0,10.0,70.0,50.0,1.0,0.1,150.0,30.0,0,-14.655804132,-39.133452974
832,1015-RH-S-0099,300.0,10.0,70.0,50.0,1.5,0.1,500.0,30.0,0,-14.691497678,-39.145871396
833,1015-RH-S-0101,1000.0,20.0,100.0,50.0,5.0,0.3,300.0,30.0,0,-14.69227631,-39.172854514
834,1015-RH-S-0101R,1000.0,20.0,70.0,50.0,3.0,0.2,300.0,30.0,0,-14.690313383,-39.172757914
835,1015-RH-S-0104,150.0,30.0,200.0,15.0,7.0,0.15,1000.0,150.0,0,-14.693895881,-39.213628708
836,1015-RH-S-0110,200.0,20.0,70.0,50.0,3.0,0.07,700.0,150.0,0,-14.729196367,-39.165356757
837,1015-RH-S-0111,200.0,30.0,300.0,70.0,10.0,0.5,700.0,150.0,0,-14.719264055,-39.145841813
838,1015-RH-S-0113,70.0,10.0,70.0,7.0,1.0,0.03,300.0,50.0,0,-14.728228548,-39.15356605
839,1015-RH-S-0114,150.0,20.0,70.0,30.0,3.0,0.5,700.0,70.0,0,-14.744590115,-39.128207
840,1015-RH-S-0115,70.0,20.0,100.0,50.0,3.0,0.03,1000.0,150.0,0,-14.74820765,-39.126351017
841,1015-RH-S-0116,150.0,15.0,70.0,50.0,3.0,0.05,500.0,150.0,0,-14.751834852,-39.104984592
842,1015-RH-S-0117,100.0,15.0,70.0,30.0,7.0,0.07,500.0,150.0,0,-14.752089845,-39.118575558
843,1015-RH-S-0120,150.0,20.0,70.0,30.0,7.0,0.07,500.0,150.0,0,-14.747759527,-39.118918371
844,1015-RH-S-0121,70.0,7.0,20.0,70.0,0.7,0.03,300.0,70.0,0,-14.738899301,-39.114029723
845,1015-RH-S-0123,200.0,15.0,70.0,30.0,2.0,0.07,500.0,100.0,0,-14.738404206,-39.103989599
846,1015-RH-S-0124,70.0,10.0,30.0,30.0,0.7,0.03,300.0,70.0,0,-14.739178701,-39.101262477
847,1015-RH-S-0125,150.0,20.0,70.0,30.0,3.0,0.05,500.0,100.0,0,-14.735552825,-39.12076974
848,1015-RH-S-0126,100.0,20.0,70.0,20.0,3.0,0.03,700.0,100.0,0,-14.737360352,-39.122164243
849,1015-RH-S-0128,100.0,20.0,70.0,30.0,5.0,0.07,300.0,100.0,0,-14.745967357,-39.081981955
850,1015-RH-S-0129,150.0,15.0,70.0,70.0,7.0,0.15,500.0,150.0,0,-14.756357488,-39.068061275
851,1015-RH-S-0131,150.0,10.0,30.0,30.0,1.5,0.15,300.0,70.0,0,-14.761139598,-39.068718143
852,1015-RH-S-0132,150.0,10.0,30.0,70.0,1.5,0.15,300.0,70.0,0,-14.767218929,-39.067600643
853,1015-RH-S-0133,150.0,10.0,50.0,50.0,1.5,0.1,300.0,70.0,0,-14.781684418,-39.069689567
854,1015-RH-S-0135,100.0,15.0,50.0,30.0,5.0,0.05,300.0,100.0,0,-14.76314309,-39.08919507
855,1015-RH-S-0135R,150.0,15.0,70.0,20.0,5.0,0.15,300.0,100.0,0,-14.762238962,-39.089194702
856,1015-RH-S-0137,150.0,20.0,70.0,30.0,7.0,0.1,500.0,150.0,0,-14.781788851,-39.077659537
857,1015-RH-S-0139,300.0,15.0,50.0,50.0,7.0,0.05,500.0,70.0,0,-14.780469106,-39.105844167
858,1015-RH-S-0141,300.0,15.0,70.0,30.0,1.5,0.15,200.0,70.0,0,-14.801887979,-39.12978203
859,1015-RH-S-0143,200.0,20.0,70.0,30.0,5.0,0.15,500.0,70.0,0,-14.792949798,-39.146820152
860,1015-RH-S-0145,300.0,15.0,70.0,30.0,2.0,0.07,200.0,70.0,0,-14.788142963,-39.154608699
861,1015-RH-S-0146,300.0,15.0,70.0,30.0,3.0,0.07,500.0,70.0,0,-14.78766893,-39.151992367
862,1015-RH-S-0147,1000.0,30.0,70.0,50.0,7.0,0.3,1500.0,50.0,2,-14.795186745,-39.17980998
863,1015-TF-S-0001,700.0,30.0,70.0,10.0,3.0,0.5,700.0,100.0,0,-14.929967904,-39.037193139
864,1015-TF-S-0003,1000.0,30.0,150.0,30.0,5.0,0.7,1500.0,100.0,2,-14.950761914,-39.040916389
865,1015-TF-S-0005,50.0,5.0,30.0,5.0,1.0,0.05,500.0,30.0,0,-14.939211313,-39.036302396
866,1015-TF-S-0006,500.0,30.0,200.0,30.0,5.0,0.7,3000.0,70.0,1,-14.950759642,-39.052075402
867,1015-TF-S-0007,700.0,15.0,150.0,20.0,3.0,0.7,500.0,50.0,0,-14.979690599,-39.054872514
868,1015-TF-S-0008,70.0,7.0,30.0,10.0,1.5,0.05,500.0,70.0,0,-14.98918296,-39.058130223
869,1015-TF-S-0009,50.0,7.0,30.0,7.0,2.0,0.05,500.0,70.0,0,-14.996667319,-39.0508233
870,1015-TF-S-0011,150.0,10.0,30.0,7.0,2.0,0.05,1000.0,70.0,0,-14.99369451,-39.086499569
871,1015-TF-S-0016,100.0,15.0,50.0,15.0,5.0,0.07,700.0,150.0,0,-14.972448431,-39.085096023
872,1015-TF-S-0020,150.0,7.0,70.0,10.0,3.0,0.07,700.0,150.0,0,-14.975163578,-39.077191905
873,1015-TF-S-0021,150.0,10.0,50.0,20.0,3.0,0.07,500.0,150.0,0,-14.980063682,-39.079892045
874,1015-TF-S-0022,70.0,5.0,50.0,5.0,1.5,0.05,500.0,100.0,0,-14.961597305,-39.089741561
875,1015-TF-S-0025,100.0,7.0,50.0,5.0,2.0,0.07,500.0,100.0,0,-14.91849996,-39.110727023
876,1015-TF-S-0027,70.0,10.0,50.0,20.0,3.0,0.07,700.0,150.0,0,-14.920904348,-39.107855534
877,1015-TF-S-0028,50.0,7.0,70.0,20.0,1.5,0.05,700.0,100.0,0,-14.923620078,-39.100418488
878,1015-TF-S-0032,50.0,7.0,70.0,15.0,1.5,0.03,500.0,100.0,0,-14.949825939,-39.127398123
879,1015-TF-S-0037,150.0,15.0,70.0,10.0,7.0,0.07,2000.0,100.0,2,-14.955506939,-39.155894548
880,1015-TF-S-0040,200.0,10.0,50.0,20.0,3.0,0.07,700.0,150.0,0,-14.966061974,-39.183206563
881,1015-TF-S-0041,150.0,20.0,100.0,20.0,7.0,0.15,1000.0,300.0,0,-14.968319988,-39.18599845
882,1015-TF-S-0044,500.0,30.0,200.0,50.0,7.0,0.3,1500.0,200.0,2,-14.991539681,-39.201818369
883,1015-TF-S-0045,100.0,7.0,50.0,15.0,5.0,0.05,700.0,200.0,0,-14.957047996,-39.145536269
884,1015-TF-S-0047,50.0,7.0,70.0,15.0,7.0,0.07,700.0,300.0,0,-14.963826424,-39.149260728
885,1015-TF-S-0049,150.0,7.0,70.0,15.0,2.0,0.15,700.0,200.0,0,-14.970160803,-39.140430121
886,1015-TF-S-0054,150.0,7.0,50.0,5.0,5.0,0.07,1500.0,200.0,2,-14.996847285,-39.11300913
887,1015-TF-S-0055,150.0,7.0,70.0,15.0,7.0,0.07,500.0,150.0,0,-14.993214723,-39.141840296
888,1015-TF-S-0059,150.0,10.0,100.0,15.0,7.0,0.1,700.0,200.0,0,-14.940832398,-39.163303104
889,1015-TF-S-0060,300.0,10.0,70.0,20.0,5.0,0.15,1000.0,150.0,0,-14.93759633,-39.165050187
890,1015-TF-S-0061,30.0,10.0,50.0,20.0,10.0,0.02,700.0,300.0,0,-14.934153381,-39.186815807
891,1015-TF-S-0062,150.0,50.0,100.0,30.0,10.0,0.7,1500.0,300.0,2,-14.848527261,-39.183107168
892,1015-TF-S-0063,200.0,15.0,70.0,50.0,7.0,0.5,1000.0,300.0,0,-14.844007041,-39.182638635
893,1015-TF-S-0065,100.0,7.0,50.0,15.0,3.0,0.05,1500.0,150.0,2,-14.814466288,-39.08363977
894,1015-TF-S-0065R,150.0,10.0,70.0,7.0,5.0,0.02,1000.0,150.0,0,-14.814442422,-39.083259403
895,1015-TF-S-0066,150.0,10.0,50.0,7.0,5.0,0.15,1000.0,150.0,0,-14.823897427,-39.090387831
896,1015-TF-S-0067,100.0,10.0,100.0,10.0,7.0,0.07,700.0,200.0,0,-14.817846602,-39.07852992
897,1015-TF-S-0069,20.0,7.0,70.0,10.0,5.0,0.02,700.0,100.0,0,-14.828698787,-39.070169285
898,1015-TF-S-0071,50.0,7.0,100.0,15.0,7.0,0.05,500.0,300.0,0,-14.84000381,-39.057625456
899,1015-TF-S-0072,100.0,7.0,70.0,10.0,7.0,0.05,2000.0,100.0,2,-14.845879644,-39.061344883
900,1015-TF-S-0073,200.0,50.0,70.0,20.0,7.0,0.15,1500.0,100.0,2,-14.840978121,-39.061439773
901,1015-TF-S-0073R,150.0,20.0,100.0,20.0,5.0,0.2,1000.0,150.0,0,-14.840847287,-39.061820358
902,1015-TF-S-0074,100.0,15.0,70.0,15.0,7.0,0.15,700.0,200.0,0,-14.857145223,-39.062146717
903,1015-TF-S-0075,200.0,15.0,100.0,50.0,10.0,0.3,700.0,300.0,0,-14.930738772,-39.200083695
904,1015-VB-S-0073,300.0,30.0,50.0,20.0,3.0,0.15,1500.0,50.0,2,-14.861134631,-39.237959927
905,1015-VB-S-0075,120.0,10.0,100.0,15.0,3.0,0.03,500.0,100.0,0,-14.884114053,-39.176654045
906,1015-VB-S-0076,150.0,15.0,70.0,15.0,3.0,0.07,700.0,100.0,0,-14.871617149,-39.18134246
907,1015-VB-S-0077,150.0,30.0,100.0,70.0,5.0,0.1,700.0,150.0,0,-14.865701733,-39.18776938
908,1015-VB-S-0078,70.0,20.0,70.0,15.0,3.0,0.07,700.0,150.0,0,-14.865697105,-39.193346666
909,1015-VB-S-0079,150.0,30.0,70.0,15.0,3.0,0.05,700.0,150.0,0,-14.862985537,-39.192414716
910,1015-VB-S-0080,70.0,20.0,100.0,10.0,3.0,0.15,700.0,150.0,0,-14.871116225,-39.199858489
911,1015-VB-S-0081,150.0,30.0,100.0,15.0,3.0,0.3,700.0,100.0,0,-14.869307184,-39.200786387
912,1015-VB-S-0085,150.0,30.0,70.0,10.0,3.0,0.15,1500.0,150.0,2,-14.903639989,-39.17056848
913,1015-VB-S-0087,70.0,30.0,150.0,15.0,3.0,0.5,300.0,150.0,0,-14.899359175,-39.181843643
914,1015-VB-S-0087R,70.0,50.0,100.0,15.0,3.0,0.1,700.0,150.0,0,-14.899359175,-39.181843643
915,1015-VB-S-0088,30.0,15.0,70.0,7.0,3.0,0.3,300.0,100.0,0,-14.904578665,-39.187803035
916,1015-VB-S-0089,70.0,50.0,100.0,15.0,3.0,0.5,700.0,100.0,0,-14.906502005,-39.192679262
917,1015-VB-S-0091,150.0,15.0,70.0,7.0,3.0,0.15,700.0,50.0,0,-14.908193585,-39.189665631
918,1015-VB-S-0092,150.0,30.0,150.0,50.0,5.0,0.15,1000.0,150.0,0,-14.911544034,-39.208049544
919,1015-VB-S-0093,70.0,20.0,150.0,50.0,3.0,0.7,200.0,100.0,0,-14.907540084,-39.188461475
920,1015-VB-S-0095,150.0,20.0,100.0,30.0,3.0,0.15,500.0,100.0,0,-14.826839762,-39.168218796
921,1015-VB-S-0096,700.0,30.0,100.0,70.0,3.0,0.15,700.0,70.0,0,-14.825921307,-39.186805665
922,1015-VB-S-0097,300.0,30.0,150.0,15.0,3.0,0.15,1500.0,150.0,2,-14.824114941,-39.184480689
923,1015-VB-S-0099,300.0,30.0,150.0,15.0,3.0,0.3,300.0,100.0,0,-14.825971883,-39.183314203
924,1015-VB-S-0100,70.0,30.0,100.0,20.0,5.0,0.15,700.0,100.0,0,-14.836777376,-39.178450154
925,1015-VB-S-0100R,150.0,30.0,150.0,20.0,5.0,0.2,1000.0,150.0,0,-14.836777376,-39.178450154
926,1015-VB-S-0102,300.0,50.0,100.0,20.0,5.0,0.3,1000.0,150.0,0,-14.910876656,-39.222208924
927,1015-VB-S-0103,700.0,20.0,70.0,7.0,3.0,0.3,700.0,70.0,0,-14.791137934,-39.152394325
928,1015-VB-S-0107,150.0,15.0,30.0,10.0,3.0,0.5,500.0,70.0,0,-14.85183732,-39.090370384
929,1015-VB-S-0108,150.0,20.0,50.0,20.0,5.0,0.15,700.0,100.0,0,-14.85502214,-39.099003556
930,1015-VB-S-0110,150.0,10.0,70.0,15.0,3.0,0.1,700.0,70.0,0,-14.823952922,-39.124560002
931,1015-VB-S-0111,150.0,15.0,50.0,15.0,3.0,0.15,3000.0,100.0,1,-14.821265805,-39.121473187
932,1015-VB-S-0113,150.0,7.0,50.0,7.0,3.0,0.05,1000.0,50.0,0,-14.817822179,-39.131967359
933,1015-VB-S-0115,150.0,30.0,70.0,15.0,3.0,0.15,700.0,70.0,0,-14.804181974,-39.127898586
934,1015-VB-S-0116,300.0,30.0,100.0,20.0,3.0,0.7,1500.0,100.0,2,-14.800497107,-39.122492136
935,1015-VB-S-0117,50.0,10.0,100.0,20.0,3.0,0.03,300.0,150.0,0,-14.909136559,-39.134812049
936,1015-VB-S-0118,300.0,10.0,70.0,30.0,3.0,0.15,700.0,100.0,0,-14.910041762,-39.132953131
937,1015-VB-S-0119,70.0,10.0,70.0,15.0,3.0,0.05,700.0,70.0,0,-14.899195284,-39.127833156
938,1015-VB-S-0120,150.0,5.0,30.0,15.0,3.0,0.1,700.0,30.0,0,-14.888085428,-39.125883353
939,1015-VB-S-0121,150.0,15.0,100.0,70.0,3.0,0.1,700.0,150.0,0,-14.8793065,-39.1245678
940,1015-VB-S-0124,300.0,20.0,50.0,15.0,3.0,0.3,700.0,70.0,0,-14.865823754,-39.080264334
941,1015-VB-S-0125,700.0,30.0,100.0,30.0,3.0,0.7,1500.0,100.0,2,-14.868476954,-39.079942543
942,1015-VB-S-0126,150.0,10.0,30.0,15.0,3.0,0.15,700.0,50.0,0,-14.898312549,-39.08088323
943,1015-VB-S-0127,30.0,7.0,30.0,7.0,3.0,0.1,700.0,30.0,0,-14.896503313,-39.083671606
944,1015-VB-S-0128,150.0,7.0,30.0,10.0,3.0,0.15,700.0,50.0,0,-14.895600196,-39.080882217
945,1015-VB-S-0129,100.0,7.0,50.0,10.0,3.0,0.05,300.0,50.0,0,-14.915489081,-39.085538472
946,1015-VB-S-0131,70.0,5.0,30.0,10.0,1.0,0.05,500.0,30.0,0,-14.925936751,-39.090837565
